2026-07-30 09:17:36.064 [main] INFO  c.e.p.PersonelListesiApplication - Starting PersonelListesiApplication using Java 25 with PID 1423 (/Users/fatmanuryurdakul/Downloads/PersonelListesi/target/classes started by fatmanuryurdakul in /Users/fatmanuryurdakul/Downloads/PersonelListesi)
2026-07-30 09:17:36.066 [main] DEBUG c.e.p.PersonelListesiApplication - Running with Spring Boot v4.1.0, Spring v7.0.8
2026-07-30 09:17:36.066 [main] INFO  c.e.p.PersonelListesiApplication - No active profile set, falling back to 1 default profile: "default"
2026-07-30 09:17:36.191 [background-preinit] INFO  o.h.validator.internal.util.Version - HV000001: Hibernate Validator 9.1.0.Final
2026-07-30 09:17:36.252 [main] INFO  o.s.d.r.c.RepositoryConfigurationDelegate - Bootstrapping Spring Data JPA repositories in DEFAULT mode.
2026-07-30 09:17:36.272 [main] INFO  o.s.d.r.c.RepositoryConfigurationDelegate - Finished Spring Data repository scanning in 15 ms. Found 7 JPA repository interfaces.
2026-07-30 09:17:36.487 [main] INFO  o.s.boot.tomcat.TomcatWebServer - Tomcat initialized with port 8080 (http)
2026-07-30 09:17:36.492 [main] INFO  o.a.coyote.http11.Http11NioProtocol - Initializing ProtocolHandler ["http-nio-8080"]
2026-07-30 09:17:36.492 [main] INFO  o.a.catalina.core.StandardService - Starting service [Tomcat]
2026-07-30 09:17:36.492 [main] INFO  o.a.catalina.core.StandardEngine - Starting Servlet engine: [Apache Tomcat/11.0.22]
2026-07-30 09:17:36.506 [main] INFO  o.s.b.w.c.s.WebApplicationContextInitializer - Root WebApplicationContext: initialization completed in 423 ms
2026-07-30 09:17:36.558 [main] INFO  org.hibernate.orm.jpa - HHH008540: Processing PersistenceUnitInfo [name: default]
2026-07-30 09:17:36.580 [main] INFO  org.hibernate.orm.core - HHH000001: Hibernate ORM core version 7.4.1.Final
2026-07-30 09:17:36.734 [main] INFO  o.s.o.j.p.SpringPersistenceUnitInfo - No LoadTimeWeaver setup: ignoring JPA class transformer
2026-07-30 09:17:36.747 [main] INFO  com.zaxxer.hikari.HikariDataSource - HikariPool-1 - Starting...
2026-07-30 09:17:36.784 [main] INFO  com.zaxxer.hikari.pool.HikariPool - HikariPool-1 - Added connection org.postgresql.jdbc.PgConnection@574218f
2026-07-30 09:17:36.785 [main] INFO  com.zaxxer.hikari.HikariDataSource - HikariPool-1 - Start completed.
2026-07-30 09:17:36.808 [main] WARN  org.hibernate.orm.deprecation - HHH90000025: PostgreSQLDialect does not need to be specified explicitly using 'hibernate.dialect' (remove the property setting and it will be selected by default)
2026-07-30 09:17:36.821 [main] INFO  o.hibernate.orm.connections.pooling - HHH10001005: Database info:
	Database JDBC URL [jdbc:postgresql://localhost:5432/postgres]
	Database driver: PostgreSQL JDBC Driver
	Database dialect: PostgreSQLDialect
	Database version: 15.18
	Default catalog/schema: postgres/public
	Autocommit mode: undefined/unknown
	Isolation level: READ_COMMITTED [default READ_COMMITTED]
	JDBC fetch size: none
	Pool: DataSourceConnectionProvider
	Minimum pool size: undefined/unknown
	Maximum pool size: undefined/unknown
2026-07-30 09:17:37.209 [main] INFO  org.hibernate.orm.core - HHH000489: No JTA platform available (set 'hibernate.transaction.jta.platform' to enable JTA platform integration)
2026-07-30 09:17:37.255 [main] DEBUG org.hibernate.SQL - alter table if exists kullanici alter column id set data type varchar(255)
2026-07-30 09:17:37.262 [main] DEBUG org.hibernate.SQL - alter table if exists kullanici alter column email set data type varchar(255)
2026-07-30 09:17:37.263 [main] DEBUG org.hibernate.SQL - alter table if exists kullanici alter column password set data type varchar(255)
2026-07-30 09:17:37.269 [main] DEBUG org.hibernate.SQL - alter table if exists kullanici alter column username set data type varchar(255)
2026-07-30 09:17:37.270 [main] DEBUG org.hibernate.SQL - alter table if exists kullanici alter column role_id set data type varchar(255)
2026-07-30 09:17:37.288 [main] INFO  o.s.o.j.LocalContainerEntityManagerFactoryBean - Initialized JPA EntityManagerFactory for persistence unit 'default'
2026-07-30 09:17:37.323 [main] INFO  o.s.d.j.r.q.QueryEnhancerFactories - Hibernate is in classpath; If applicable, HQL parser will be used.
2026-07-30 09:17:37.466 [main] WARN  o.s.b.j.a.JpaBaseConfiguration$JpaWebConfiguration - spring.jpa.open-in-view is enabled by default. Therefore, database queries may be performed during view rendering. Explicitly configure spring.jpa.open-in-view to disable this warning
2026-07-30 09:17:37.472 [main] INFO  o.s.b.w.a.WelcomePageHandlerMapping - Adding welcome page: class path resource [static/index.html]
2026-07-30 09:17:37.591 [main] INFO  o.a.coyote.http11.Http11NioProtocol - Starting ProtocolHandler ["http-nio-8080"]
2026-07-30 09:17:37.597 [main] INFO  o.s.boot.tomcat.TomcatWebServer - Tomcat started on port 8080 (http) with context path '/'
2026-07-30 09:17:37.599 [main] INFO  c.e.p.PersonelListesiApplication - Started PersonelListesiApplication in 1.734 seconds (process running for 2.051)
2026-07-30 09:17:41.626 [http-nio-8080-exec-1] INFO  o.a.c.c.C.[Tomcat].[localhost].[/] - Initializing Spring DispatcherServlet 'dispatcherServlet'
2026-07-30 09:17:41.626 [http-nio-8080-exec-1] INFO  o.s.web.servlet.DispatcherServlet - Initializing Servlet 'dispatcherServlet'
2026-07-30 09:17:41.627 [http-nio-8080-exec-1] INFO  o.s.web.servlet.DispatcherServlet - Completed initialization in 1 ms
2026-07-30 09:17:41.635 [http-nio-8080-exec-1] WARN  o.s.w.s.m.s.DefaultHandlerExceptionResolver - Resolved [org.springframework.web.HttpRequestMethodNotSupportedException: Request method 'GET' is not supported]
2026-07-30 09:17:57.837 [http-nio-8080-exec-3] WARN  o.s.w.s.m.s.DefaultHandlerExceptionResolver - Resolved [org.springframework.web.bind.MissingServletRequestParameterException: Required request parameter 'token' for method parameter type String is not present]
2026-07-30 09:18:20.626 [http-nio-8080-exec-5] WARN  o.s.w.s.m.s.DefaultHandlerExceptionResolver - Resolved [org.springframework.web.HttpRequestMethodNotSupportedException: Request method 'GET' is not supported]
2026-07-30 09:18:47.403 [http-nio-8080-exec-6] WARN  o.s.w.s.m.s.DefaultHandlerExceptionResolver - Resolved [org.springframework.http.converter.HttpMessageNotReadableException: Required request body is missing: public org.springframework.http.ResponseEntity<java.lang.String> com.example.personellistesi.controller.AuthController.register(com.example.personellistesi.DTO.UserRegistrationDto)]
2026-07-30 09:19:02.983 [http-nio-8080-exec-9] WARN  o.s.w.s.m.s.DefaultHandlerExceptionResolver - Resolved [org.springframework.web.bind.MissingServletRequestParameterException: Required request parameter 'token' for method parameter type String is not present]
2026-07-30 09:20:06.870 [SpringApplicationShutdownHook] INFO  o.s.boot.tomcat.GracefulShutdown - Commencing graceful shutdown. Waiting for active requests to complete
2026-07-30 09:20:06.875 [tomcat-shutdown] INFO  o.s.boot.tomcat.GracefulShutdown - Graceful shutdown complete
2026-07-30 09:20:06.877 [SpringApplicationShutdownHook] INFO  o.s.o.j.LocalContainerEntityManagerFactoryBean - Closing JPA EntityManagerFactory for persistence unit 'default'
2026-07-30 09:20:06.878 [SpringApplicationShutdownHook] INFO  com.zaxxer.hikari.HikariDataSource - HikariPool-1 - Shutdown initiated...
2026-07-30 09:20:06.879 [SpringApplicationShutdownHook] INFO  com.zaxxer.hikari.HikariDataSource - HikariPool-1 - Shutdown completed.
2026-07-30 09:20:10.017 [main] INFO  c.e.p.PersonelListesiApplication - Starting PersonelListesiApplication using Java 25 with PID 1472 (/Users/fatmanuryurdakul/Downloads/PersonelListesi/target/classes started by fatmanuryurdakul in /Users/fatmanuryurdakul/Downloads/PersonelListesi)
2026-07-30 09:20:10.018 [main] DEBUG c.e.p.PersonelListesiApplication - Running with Spring Boot v4.1.0, Spring v7.0.8
2026-07-30 09:20:10.018 [main] INFO  c.e.p.PersonelListesiApplication - No active profile set, falling back to 1 default profile: "default"
2026-07-30 09:20:10.133 [background-preinit] INFO  o.h.validator.internal.util.Version - HV000001: Hibernate Validator 9.1.0.Final
2026-07-30 09:20:10.186 [main] INFO  o.s.d.r.c.RepositoryConfigurationDelegate - Bootstrapping Spring Data JPA repositories in DEFAULT mode.
2026-07-30 09:20:10.201 [main] INFO  o.s.d.r.c.RepositoryConfigurationDelegate - Finished Spring Data repository scanning in 12 ms. Found 7 JPA repository interfaces.
2026-07-30 09:20:10.414 [main] INFO  o.s.boot.tomcat.TomcatWebServer - Tomcat initialized with port 8080 (http)
2026-07-30 09:20:10.418 [main] INFO  o.a.coyote.http11.Http11NioProtocol - Initializing ProtocolHandler ["http-nio-8080"]
2026-07-30 09:20:10.418 [main] INFO  o.a.catalina.core.StandardService - Starting service [Tomcat]
2026-07-30 09:20:10.418 [main] INFO  o.a.catalina.core.StandardEngine - Starting Servlet engine: [Apache Tomcat/11.0.22]
2026-07-30 09:20:10.431 [main] INFO  o.s.b.w.c.s.WebApplicationContextInitializer - Root WebApplicationContext: initialization completed in 397 ms
2026-07-30 09:20:10.482 [main] INFO  org.hibernate.orm.jpa - HHH008540: Processing PersistenceUnitInfo [name: default]
2026-07-30 09:20:10.507 [main] INFO  org.hibernate.orm.core - HHH000001: Hibernate ORM core version 7.4.1.Final
2026-07-30 09:20:10.623 [main] INFO  o.s.o.j.p.SpringPersistenceUnitInfo - No LoadTimeWeaver setup: ignoring JPA class transformer
2026-07-30 09:20:10.635 [main] INFO  com.zaxxer.hikari.HikariDataSource - HikariPool-1 - Starting...
2026-07-30 09:20:10.665 [main] INFO  com.zaxxer.hikari.pool.HikariPool - HikariPool-1 - Added connection org.postgresql.jdbc.PgConnection@2567c091
2026-07-30 09:20:10.665 [main] INFO  com.zaxxer.hikari.HikariDataSource - HikariPool-1 - Start completed.
2026-07-30 09:20:10.679 [main] WARN  org.hibernate.orm.deprecation - HHH90000025: PostgreSQLDialect does not need to be specified explicitly using 'hibernate.dialect' (remove the property setting and it will be selected by default)
2026-07-30 09:20:10.687 [main] INFO  o.hibernate.orm.connections.pooling - HHH10001005: Database info:
	Database JDBC URL [jdbc:postgresql://localhost:5432/postgres]
	Database driver: PostgreSQL JDBC Driver
	Database dialect: PostgreSQLDialect
	Database version: 15.18
	Default catalog/schema: postgres/public
	Autocommit mode: undefined/unknown
	Isolation level: READ_COMMITTED [default READ_COMMITTED]
	JDBC fetch size: none
	Pool: DataSourceConnectionProvider
	Minimum pool size: undefined/unknown
	Maximum pool size: undefined/unknown
2026-07-30 09:20:11.019 [main] INFO  org.hibernate.orm.core - HHH000489: No JTA platform available (set 'hibernate.transaction.jta.platform' to enable JTA platform integration)
2026-07-30 09:20:11.060 [main] INFO  o.s.o.j.LocalContainerEntityManagerFactoryBean - Initialized JPA EntityManagerFactory for persistence unit 'default'
2026-07-30 09:20:11.084 [main] INFO  o.s.d.j.r.q.QueryEnhancerFactories - Hibernate is in classpath; If applicable, HQL parser will be used.
2026-07-30 09:20:11.217 [main] WARN  o.s.b.j.a.JpaBaseConfiguration$JpaWebConfiguration - spring.jpa.open-in-view is enabled by default. Therefore, database queries may be performed during view rendering. Explicitly configure spring.jpa.open-in-view to disable this warning
2026-07-30 09:20:11.222 [main] INFO  o.s.b.w.a.WelcomePageHandlerMapping - Adding welcome page: class path resource [static/index.html]
2026-07-30 09:20:11.345 [main] INFO  o.a.coyote.http11.Http11NioProtocol - Starting ProtocolHandler ["http-nio-8080"]
2026-07-30 09:20:11.351 [main] INFO  o.s.boot.tomcat.TomcatWebServer - Tomcat started on port 8080 (http) with context path '/'
2026-07-30 09:20:11.353 [main] INFO  c.e.p.PersonelListesiApplication - Started PersonelListesiApplication in 1.495 seconds (process running for 1.772)
2026-07-30 09:20:15.284 [http-nio-8080-exec-2] INFO  o.a.c.c.C.[Tomcat].[localhost].[/] - Initializing Spring DispatcherServlet 'dispatcherServlet'
2026-07-30 09:20:15.284 [http-nio-8080-exec-2] INFO  o.s.web.servlet.DispatcherServlet - Initializing Servlet 'dispatcherServlet'
2026-07-30 09:20:15.285 [http-nio-8080-exec-2] INFO  o.s.web.servlet.DispatcherServlet - Completed initialization in 1 ms
2026-07-30 09:20:15.300 [http-nio-8080-exec-2] WARN  o.s.w.s.m.s.DefaultHandlerExceptionResolver - Resolved [org.springframework.web.bind.MissingServletRequestParameterException: Required request parameter 'token' for method parameter type String is not present]
2026-07-30 09:20:29.702 [http-nio-8080-exec-4] WARN  o.s.w.s.m.s.DefaultHandlerExceptionResolver - Resolved [org.springframework.http.converter.HttpMessageNotReadableException: Required request body is missing: public org.springframework.http.ResponseEntity<java.lang.String> com.example.personellistesi.controller.AuthController.register(com.example.personellistesi.DTO.UserRegistrationDto)]
2026-07-30 09:21:32.685 [SpringApplicationShutdownHook] INFO  o.s.boot.tomcat.GracefulShutdown - Commencing graceful shutdown. Waiting for active requests to complete
2026-07-30 09:21:32.690 [tomcat-shutdown] INFO  o.s.boot.tomcat.GracefulShutdown - Graceful shutdown complete
2026-07-30 09:21:32.692 [SpringApplicationShutdownHook] INFO  o.s.o.j.LocalContainerEntityManagerFactoryBean - Closing JPA EntityManagerFactory for persistence unit 'default'
2026-07-30 09:21:32.693 [SpringApplicationShutdownHook] INFO  com.zaxxer.hikari.HikariDataSource - HikariPool-1 - Shutdown initiated...
2026-07-30 09:21:32.694 [SpringApplicationShutdownHook] INFO  com.zaxxer.hikari.HikariDataSource - HikariPool-1 - Shutdown completed.
2026-07-30 09:21:35.408 [main] INFO  c.e.p.PersonelListesiApplication - Starting PersonelListesiApplication using Java 25 with PID 1514 (/Users/fatmanuryurdakul/Downloads/PersonelListesi/target/classes started by fatmanuryurdakul in /Users/fatmanuryurdakul/Downloads/PersonelListesi)
2026-07-30 09:21:35.409 [main] DEBUG c.e.p.PersonelListesiApplication - Running with Spring Boot v4.1.0, Spring v7.0.8
2026-07-30 09:21:35.409 [main] INFO  c.e.p.PersonelListesiApplication - No active profile set, falling back to 1 default profile: "default"
2026-07-30 09:21:35.516 [background-preinit] INFO  o.h.validator.internal.util.Version - HV000001: Hibernate Validator 9.1.0.Final
2026-07-30 09:21:35.591 [main] INFO  o.s.d.r.c.RepositoryConfigurationDelegate - Bootstrapping Spring Data JPA repositories in DEFAULT mode.
2026-07-30 09:21:35.608 [main] INFO  o.s.d.r.c.RepositoryConfigurationDelegate - Finished Spring Data repository scanning in 13 ms. Found 7 JPA repository interfaces.
2026-07-30 09:21:35.829 [main] INFO  o.s.boot.tomcat.TomcatWebServer - Tomcat initialized with port 8080 (http)
2026-07-30 09:21:35.833 [main] INFO  o.a.coyote.http11.Http11NioProtocol - Initializing ProtocolHandler ["http-nio-8080"]
2026-07-30 09:21:35.834 [main] INFO  o.a.catalina.core.StandardService - Starting service [Tomcat]
2026-07-30 09:21:35.834 [main] INFO  o.a.catalina.core.StandardEngine - Starting Servlet engine: [Apache Tomcat/11.0.22]
2026-07-30 09:21:35.847 [main] INFO  o.s.b.w.c.s.WebApplicationContextInitializer - Root WebApplicationContext: initialization completed in 422 ms
2026-07-30 09:21:35.903 [main] INFO  org.hibernate.orm.jpa - HHH008540: Processing PersistenceUnitInfo [name: default]
2026-07-30 09:21:35.920 [main] INFO  org.hibernate.orm.core - HHH000001: Hibernate ORM core version 7.4.1.Final
2026-07-30 09:21:36.036 [main] INFO  o.s.o.j.p.SpringPersistenceUnitInfo - No LoadTimeWeaver setup: ignoring JPA class transformer
2026-07-30 09:21:36.048 [main] INFO  com.zaxxer.hikari.HikariDataSource - HikariPool-1 - Starting...
2026-07-30 09:21:36.081 [main] INFO  com.zaxxer.hikari.pool.HikariPool - HikariPool-1 - Added connection org.postgresql.jdbc.PgConnection@4cd8db31
2026-07-30 09:21:36.082 [main] INFO  com.zaxxer.hikari.HikariDataSource - HikariPool-1 - Start completed.
2026-07-30 09:21:36.096 [main] WARN  org.hibernate.orm.deprecation - HHH90000025: PostgreSQLDialect does not need to be specified explicitly using 'hibernate.dialect' (remove the property setting and it will be selected by default)
2026-07-30 09:21:36.105 [main] INFO  o.hibernate.orm.connections.pooling - HHH10001005: Database info:
	Database JDBC URL [jdbc:postgresql://localhost:5432/postgres]
	Database driver: PostgreSQL JDBC Driver
	Database dialect: PostgreSQLDialect
	Database version: 15.18
	Default catalog/schema: postgres/public
	Autocommit mode: undefined/unknown
	Isolation level: READ_COMMITTED [default READ_COMMITTED]
	JDBC fetch size: none
	Pool: DataSourceConnectionProvider
	Minimum pool size: undefined/unknown
	Maximum pool size: undefined/unknown
2026-07-30 09:21:36.439 [main] INFO  org.hibernate.orm.core - HHH000489: No JTA platform available (set 'hibernate.transaction.jta.platform' to enable JTA platform integration)
2026-07-30 09:21:36.486 [main] INFO  o.s.o.j.LocalContainerEntityManagerFactoryBean - Initialized JPA EntityManagerFactory for persistence unit 'default'
2026-07-30 09:21:36.511 [main] INFO  o.s.d.j.r.q.QueryEnhancerFactories - Hibernate is in classpath; If applicable, HQL parser will be used.
2026-07-30 09:21:36.636 [main] WARN  o.s.b.j.a.JpaBaseConfiguration$JpaWebConfiguration - spring.jpa.open-in-view is enabled by default. Therefore, database queries may be performed during view rendering. Explicitly configure spring.jpa.open-in-view to disable this warning
2026-07-30 09:21:36.641 [main] INFO  o.s.b.w.a.WelcomePageHandlerMapping - Adding welcome page: class path resource [static/index.html]
2026-07-30 09:21:36.756 [main] INFO  o.a.coyote.http11.Http11NioProtocol - Starting ProtocolHandler ["http-nio-8080"]
2026-07-30 09:21:36.762 [main] INFO  o.s.boot.tomcat.TomcatWebServer - Tomcat started on port 8080 (http) with context path '/'
2026-07-30 09:21:36.764 [main] INFO  c.e.p.PersonelListesiApplication - Started PersonelListesiApplication in 1.515 seconds (process running for 1.722)
2026-07-30 09:21:41.478 [http-nio-8080-exec-2] INFO  o.a.c.c.C.[Tomcat].[localhost].[/] - Initializing Spring DispatcherServlet 'dispatcherServlet'
2026-07-30 09:21:41.478 [http-nio-8080-exec-2] INFO  o.s.web.servlet.DispatcherServlet - Initializing Servlet 'dispatcherServlet'
2026-07-30 09:21:41.479 [http-nio-8080-exec-2] INFO  o.s.web.servlet.DispatcherServlet - Completed initialization in 1 ms
2026-07-30 09:21:41.495 [http-nio-8080-exec-2] WARN  o.s.w.s.m.s.DefaultHandlerExceptionResolver - Resolved [org.springframework.http.converter.HttpMessageNotReadableException: Required request body is missing: public org.springframework.http.ResponseEntity<java.lang.String> com.example.personellistesi.controller.AuthController.register(com.example.personellistesi.DTO.UserRegistrationDto)]
2026-07-30 09:21:42.361 [http-nio-8080-exec-4] WARN  o.s.w.s.m.s.DefaultHandlerExceptionResolver - Resolved [org.springframework.http.converter.HttpMessageNotReadableException: Required request body is missing: public org.springframework.http.ResponseEntity<java.lang.String> com.example.personellistesi.controller.AuthController.register(com.example.personellistesi.DTO.UserRegistrationDto)]
2026-07-30 09:22:07.344 [SpringApplicationShutdownHook] INFO  o.s.boot.tomcat.GracefulShutdown - Commencing graceful shutdown. Waiting for active requests to complete
2026-07-30 09:22:07.349 [tomcat-shutdown] INFO  o.s.boot.tomcat.GracefulShutdown - Graceful shutdown complete
2026-07-30 09:22:07.352 [SpringApplicationShutdownHook] INFO  o.s.o.j.LocalContainerEntityManagerFactoryBean - Closing JPA EntityManagerFactory for persistence unit 'default'
2026-07-30 09:22:07.353 [SpringApplicationShutdownHook] INFO  com.zaxxer.hikari.HikariDataSource - HikariPool-1 - Shutdown initiated...
2026-07-30 09:22:07.353 [SpringApplicationShutdownHook] INFO  com.zaxxer.hikari.HikariDataSource - HikariPool-1 - Shutdown completed.
2026-07-30 09:22:10.343 [main] INFO  c.e.p.PersonelListesiApplication - Starting PersonelListesiApplication using Java 25 with PID 1535 (/Users/fatmanuryurdakul/Downloads/PersonelListesi/target/classes started by fatmanuryurdakul in /Users/fatmanuryurdakul/Downloads/PersonelListesi)
2026-07-30 09:22:10.344 [main] DEBUG c.e.p.PersonelListesiApplication - Running with Spring Boot v4.1.0, Spring v7.0.8
2026-07-30 09:22:10.344 [main] INFO  c.e.p.PersonelListesiApplication - No active profile set, falling back to 1 default profile: "default"
2026-07-30 09:22:10.440 [background-preinit] INFO  o.h.validator.internal.util.Version - HV000001: Hibernate Validator 9.1.0.Final
2026-07-30 09:22:10.495 [main] INFO  o.s.d.r.c.RepositoryConfigurationDelegate - Bootstrapping Spring Data JPA repositories in DEFAULT mode.
2026-07-30 09:22:10.508 [main] INFO  o.s.d.r.c.RepositoryConfigurationDelegate - Finished Spring Data repository scanning in 10 ms. Found 7 JPA repository interfaces.
2026-07-30 09:22:10.708 [main] INFO  o.s.boot.tomcat.TomcatWebServer - Tomcat initialized with port 8080 (http)
2026-07-30 09:22:10.712 [main] INFO  o.a.coyote.http11.Http11NioProtocol - Initializing ProtocolHandler ["http-nio-8080"]
2026-07-30 09:22:10.712 [main] INFO  o.a.catalina.core.StandardService - Starting service [Tomcat]
2026-07-30 09:22:10.712 [main] INFO  o.a.catalina.core.StandardEngine - Starting Servlet engine: [Apache Tomcat/11.0.22]
2026-07-30 09:22:10.724 [main] INFO  o.s.b.w.c.s.WebApplicationContextInitializer - Root WebApplicationContext: initialization completed in 366 ms
2026-07-30 09:22:10.770 [main] INFO  org.hibernate.orm.jpa - HHH008540: Processing PersistenceUnitInfo [name: default]
2026-07-30 09:22:10.783 [main] INFO  org.hibernate.orm.core - HHH000001: Hibernate ORM core version 7.4.1.Final
2026-07-30 09:22:10.889 [main] INFO  o.s.o.j.p.SpringPersistenceUnitInfo - No LoadTimeWeaver setup: ignoring JPA class transformer
2026-07-30 09:22:10.897 [main] INFO  com.zaxxer.hikari.HikariDataSource - HikariPool-1 - Starting...
2026-07-30 09:22:10.922 [main] INFO  com.zaxxer.hikari.pool.HikariPool - HikariPool-1 - Added connection org.postgresql.jdbc.PgConnection@7252bdb
2026-07-30 09:22:10.923 [main] INFO  com.zaxxer.hikari.HikariDataSource - HikariPool-1 - Start completed.
2026-07-30 09:22:10.934 [main] WARN  org.hibernate.orm.deprecation - HHH90000025: PostgreSQLDialect does not need to be specified explicitly using 'hibernate.dialect' (remove the property setting and it will be selected by default)
2026-07-30 09:22:10.943 [main] INFO  o.hibernate.orm.connections.pooling - HHH10001005: Database info:
	Database JDBC URL [jdbc:postgresql://localhost:5432/postgres]
	Database driver: PostgreSQL JDBC Driver
	Database dialect: PostgreSQLDialect
	Database version: 15.18
	Default catalog/schema: postgres/public
	Autocommit mode: undefined/unknown
	Isolation level: READ_COMMITTED [default READ_COMMITTED]
	JDBC fetch size: none
	Pool: DataSourceConnectionProvider
	Minimum pool size: undefined/unknown
	Maximum pool size: undefined/unknown
2026-07-30 09:22:11.260 [main] INFO  org.hibernate.orm.core - HHH000489: No JTA platform available (set 'hibernate.transaction.jta.platform' to enable JTA platform integration)
2026-07-30 09:22:11.301 [main] INFO  o.s.o.j.LocalContainerEntityManagerFactoryBean - Initialized JPA EntityManagerFactory for persistence unit 'default'
2026-07-30 09:22:11.324 [main] INFO  o.s.d.j.r.q.QueryEnhancerFactories - Hibernate is in classpath; If applicable, HQL parser will be used.
2026-07-30 09:22:11.439 [main] WARN  o.s.b.j.a.JpaBaseConfiguration$JpaWebConfiguration - spring.jpa.open-in-view is enabled by default. Therefore, database queries may be performed during view rendering. Explicitly configure spring.jpa.open-in-view to disable this warning
2026-07-30 09:22:11.444 [main] INFO  o.s.b.w.a.WelcomePageHandlerMapping - Adding welcome page: class path resource [static/index.html]
2026-07-30 09:22:11.559 [main] INFO  o.a.coyote.http11.Http11NioProtocol - Starting ProtocolHandler ["http-nio-8080"]
2026-07-30 09:22:11.564 [main] INFO  o.s.boot.tomcat.TomcatWebServer - Tomcat started on port 8080 (http) with context path '/'
2026-07-30 09:22:11.567 [main] INFO  c.e.p.PersonelListesiApplication - Started PersonelListesiApplication in 1.367 seconds (process running for 1.574)
2026-07-30 09:22:12.935 [SpringApplicationShutdownHook] INFO  o.s.boot.tomcat.GracefulShutdown - Commencing graceful shutdown. Waiting for active requests to complete
2026-07-30 09:22:12.940 [tomcat-shutdown] INFO  o.s.boot.tomcat.GracefulShutdown - Graceful shutdown complete
2026-07-30 09:22:12.943 [SpringApplicationShutdownHook] INFO  o.s.o.j.LocalContainerEntityManagerFactoryBean - Closing JPA EntityManagerFactory for persistence unit 'default'
2026-07-30 09:22:12.944 [SpringApplicationShutdownHook] INFO  com.zaxxer.hikari.HikariDataSource - HikariPool-1 - Shutdown initiated...
2026-07-30 09:22:12.945 [SpringApplicationShutdownHook] INFO  com.zaxxer.hikari.HikariDataSource - HikariPool-1 - Shutdown completed.
2026-07-30 09:22:19.967 [main] INFO  c.e.p.PersonelListesiApplication - Starting PersonelListesiApplication using Java 25 with PID 1552 (/Users/fatmanuryurdakul/Downloads/PersonelListesi/target/classes started by fatmanuryurdakul in /Users/fatmanuryurdakul/Downloads/PersonelListesi)
2026-07-30 09:22:19.968 [main] DEBUG c.e.p.PersonelListesiApplication - Running with Spring Boot v4.1.0, Spring v7.0.8
2026-07-30 09:22:19.968 [main] INFO  c.e.p.PersonelListesiApplication - No active profile set, falling back to 1 default profile: "default"
2026-07-30 09:22:20.066 [background-preinit] INFO  o.h.validator.internal.util.Version - HV000001: Hibernate Validator 9.1.0.Final
2026-07-30 09:22:20.119 [main] INFO  o.s.d.r.c.RepositoryConfigurationDelegate - Bootstrapping Spring Data JPA repositories in DEFAULT mode.
2026-07-30 09:22:20.133 [main] INFO  o.s.d.r.c.RepositoryConfigurationDelegate - Finished Spring Data repository scanning in 11 ms. Found 7 JPA repository interfaces.
2026-07-30 09:22:20.349 [main] INFO  o.s.boot.tomcat.TomcatWebServer - Tomcat initialized with port 8080 (http)
2026-07-30 09:22:20.353 [main] INFO  o.a.coyote.http11.Http11NioProtocol - Initializing ProtocolHandler ["http-nio-8080"]
2026-07-30 09:22:20.354 [main] INFO  o.a.catalina.core.StandardService - Starting service [Tomcat]
2026-07-30 09:22:20.354 [main] INFO  o.a.catalina.core.StandardEngine - Starting Servlet engine: [Apache Tomcat/11.0.22]
2026-07-30 09:22:20.366 [main] INFO  o.s.b.w.c.s.WebApplicationContextInitializer - Root WebApplicationContext: initialization completed in 384 ms
2026-07-30 09:22:20.412 [main] INFO  org.hibernate.orm.jpa - HHH008540: Processing PersistenceUnitInfo [name: default]
2026-07-30 09:22:20.425 [main] INFO  org.hibernate.orm.core - HHH000001: Hibernate ORM core version 7.4.1.Final
2026-07-30 09:22:20.527 [main] INFO  o.s.o.j.p.SpringPersistenceUnitInfo - No LoadTimeWeaver setup: ignoring JPA class transformer
2026-07-30 09:22:20.536 [main] INFO  com.zaxxer.hikari.HikariDataSource - HikariPool-1 - Starting...
2026-07-30 09:22:20.563 [main] INFO  com.zaxxer.hikari.pool.HikariPool - HikariPool-1 - Added connection org.postgresql.jdbc.PgConnection@2567c091
2026-07-30 09:22:20.563 [main] INFO  com.zaxxer.hikari.HikariDataSource - HikariPool-1 - Start completed.
2026-07-30 09:22:20.575 [main] WARN  org.hibernate.orm.deprecation - HHH90000025: PostgreSQLDialect does not need to be specified explicitly using 'hibernate.dialect' (remove the property setting and it will be selected by default)
2026-07-30 09:22:20.582 [main] INFO  o.hibernate.orm.connections.pooling - HHH10001005: Database info:
	Database JDBC URL [jdbc:postgresql://localhost:5432/postgres]
	Database driver: PostgreSQL JDBC Driver
	Database dialect: PostgreSQLDialect
	Database version: 15.18
	Default catalog/schema: postgres/public
	Autocommit mode: undefined/unknown
	Isolation level: READ_COMMITTED [default READ_COMMITTED]
	JDBC fetch size: none
	Pool: DataSourceConnectionProvider
	Minimum pool size: undefined/unknown
	Maximum pool size: undefined/unknown
2026-07-30 09:22:20.899 [main] INFO  org.hibernate.orm.core - HHH000489: No JTA platform available (set 'hibernate.transaction.jta.platform' to enable JTA platform integration)
2026-07-30 09:22:20.940 [main] INFO  o.s.o.j.LocalContainerEntityManagerFactoryBean - Initialized JPA EntityManagerFactory for persistence unit 'default'
2026-07-30 09:22:20.963 [main] INFO  o.s.d.j.r.q.QueryEnhancerFactories - Hibernate is in classpath; If applicable, HQL parser will be used.
2026-07-30 09:22:21.078 [main] WARN  o.s.b.j.a.JpaBaseConfiguration$JpaWebConfiguration - spring.jpa.open-in-view is enabled by default. Therefore, database queries may be performed during view rendering. Explicitly configure spring.jpa.open-in-view to disable this warning
2026-07-30 09:22:21.083 [main] INFO  o.s.b.w.a.WelcomePageHandlerMapping - Adding welcome page: class path resource [static/index.html]
2026-07-30 09:22:21.195 [main] INFO  o.a.coyote.http11.Http11NioProtocol - Starting ProtocolHandler ["http-nio-8080"]
2026-07-30 09:22:21.200 [main] INFO  o.s.boot.tomcat.TomcatWebServer - Tomcat started on port 8080 (http) with context path '/'
2026-07-30 09:22:21.203 [main] INFO  c.e.p.PersonelListesiApplication - Started PersonelListesiApplication in 1.392 seconds (process running for 1.614)
2026-07-30 09:22:27.437 [http-nio-8080-exec-2] INFO  o.a.c.c.C.[Tomcat].[localhost].[/] - Initializing Spring DispatcherServlet 'dispatcherServlet'
2026-07-30 09:22:27.438 [http-nio-8080-exec-2] INFO  o.s.web.servlet.DispatcherServlet - Initializing Servlet 'dispatcherServlet'
2026-07-30 09:22:27.439 [http-nio-8080-exec-2] INFO  o.s.web.servlet.DispatcherServlet - Completed initialization in 1 ms
2026-07-30 09:22:27.452 [http-nio-8080-exec-2] WARN  o.s.w.s.m.s.DefaultHandlerExceptionResolver - Resolved [org.springframework.http.converter.HttpMessageNotReadableException: Required request body is missing: public org.springframework.http.ResponseEntity<java.lang.String> com.example.personellistesi.controller.AuthController.register(com.example.personellistesi.DTO.UserRegistrationDto)]
2026-07-30 09:22:38.085 [http-nio-8080-exec-4] WARN  o.s.w.s.m.s.DefaultHandlerExceptionResolver - Resolved [org.springframework.web.bind.MissingServletRequestParameterException: Required request parameter 'token' for method parameter type String is not present]
2026-07-30 09:23:01.347 [SpringApplicationShutdownHook] INFO  o.s.boot.tomcat.GracefulShutdown - Commencing graceful shutdown. Waiting for active requests to complete
2026-07-30 09:23:01.352 [tomcat-shutdown] INFO  o.s.boot.tomcat.GracefulShutdown - Graceful shutdown complete
2026-07-30 09:23:01.355 [SpringApplicationShutdownHook] INFO  o.s.o.j.LocalContainerEntityManagerFactoryBean - Closing JPA EntityManagerFactory for persistence unit 'default'
2026-07-30 09:23:01.356 [SpringApplicationShutdownHook] INFO  com.zaxxer.hikari.HikariDataSource - HikariPool-1 - Shutdown initiated...
2026-07-30 09:23:01.357 [SpringApplicationShutdownHook] INFO  com.zaxxer.hikari.HikariDataSource - HikariPool-1 - Shutdown completed.
2026-07-30 09:23:06.605 [main] INFO  c.e.p.PersonelListesiApplication - Starting PersonelListesiApplication using Java 25 with PID 1586 (/Users/fatmanuryurdakul/Downloads/PersonelListesi/target/classes started by fatmanuryurdakul in /Users/fatmanuryurdakul/Downloads/PersonelListesi)
2026-07-30 09:23:06.605 [main] DEBUG c.e.p.PersonelListesiApplication - Running with Spring Boot v4.1.0, Spring v7.0.8
2026-07-30 09:23:06.606 [main] INFO  c.e.p.PersonelListesiApplication - No active profile set, falling back to 1 default profile: "default"
2026-07-30 09:23:06.709 [background-preinit] INFO  o.h.validator.internal.util.Version - HV000001: Hibernate Validator 9.1.0.Final
2026-07-30 09:23:06.768 [main] INFO  o.s.d.r.c.RepositoryConfigurationDelegate - Bootstrapping Spring Data JPA repositories in DEFAULT mode.
2026-07-30 09:23:06.782 [main] INFO  o.s.d.r.c.RepositoryConfigurationDelegate - Finished Spring Data repository scanning in 11 ms. Found 7 JPA repository interfaces.
2026-07-30 09:23:06.992 [main] INFO  o.s.boot.tomcat.TomcatWebServer - Tomcat initialized with port 8080 (http)
2026-07-30 09:23:06.996 [main] INFO  o.a.coyote.http11.Http11NioProtocol - Initializing ProtocolHandler ["http-nio-8080"]
2026-07-30 09:23:06.997 [main] INFO  o.a.catalina.core.StandardService - Starting service [Tomcat]
2026-07-30 09:23:06.997 [main] INFO  o.a.catalina.core.StandardEngine - Starting Servlet engine: [Apache Tomcat/11.0.22]
2026-07-30 09:23:07.010 [main] INFO  o.s.b.w.c.s.WebApplicationContextInitializer - Root WebApplicationContext: initialization completed in 388 ms
2026-07-30 09:23:07.062 [main] INFO  org.hibernate.orm.jpa - HHH008540: Processing PersistenceUnitInfo [name: default]
2026-07-30 09:23:07.077 [main] INFO  org.hibernate.orm.core - HHH000001: Hibernate ORM core version 7.4.1.Final
2026-07-30 09:23:07.188 [main] INFO  o.s.o.j.p.SpringPersistenceUnitInfo - No LoadTimeWeaver setup: ignoring JPA class transformer
2026-07-30 09:23:07.197 [main] INFO  com.zaxxer.hikari.HikariDataSource - HikariPool-1 - Starting...
2026-07-30 09:23:07.227 [main] INFO  com.zaxxer.hikari.pool.HikariPool - HikariPool-1 - Added connection org.postgresql.jdbc.PgConnection@201a8ea7
2026-07-30 09:23:07.228 [main] INFO  com.zaxxer.hikari.HikariDataSource - HikariPool-1 - Start completed.
2026-07-30 09:23:07.240 [main] WARN  org.hibernate.orm.deprecation - HHH90000025: PostgreSQLDialect does not need to be specified explicitly using 'hibernate.dialect' (remove the property setting and it will be selected by default)
2026-07-30 09:23:07.247 [main] INFO  o.hibernate.orm.connections.pooling - HHH10001005: Database info:
	Database JDBC URL [jdbc:postgresql://localhost:5432/postgres]
	Database driver: PostgreSQL JDBC Driver
	Database dialect: PostgreSQLDialect
	Database version: 15.18
	Default catalog/schema: postgres/public
	Autocommit mode: undefined/unknown
	Isolation level: READ_COMMITTED [default READ_COMMITTED]
	JDBC fetch size: none
	Pool: DataSourceConnectionProvider
	Minimum pool size: undefined/unknown
	Maximum pool size: undefined/unknown
2026-07-30 09:23:07.579 [main] INFO  org.hibernate.orm.core - HHH000489: No JTA platform available (set 'hibernate.transaction.jta.platform' to enable JTA platform integration)
2026-07-30 09:23:07.622 [main] INFO  o.s.o.j.LocalContainerEntityManagerFactoryBean - Initialized JPA EntityManagerFactory for persistence unit 'default'
2026-07-30 09:23:07.646 [main] INFO  o.s.d.j.r.q.QueryEnhancerFactories - Hibernate is in classpath; If applicable, HQL parser will be used.
2026-07-30 09:23:07.769 [main] WARN  o.s.b.j.a.JpaBaseConfiguration$JpaWebConfiguration - spring.jpa.open-in-view is enabled by default. Therefore, database queries may be performed during view rendering. Explicitly configure spring.jpa.open-in-view to disable this warning
2026-07-30 09:23:07.774 [main] INFO  o.s.b.w.a.WelcomePageHandlerMapping - Adding welcome page: class path resource [static/index.html]
2026-07-30 09:23:07.891 [main] INFO  o.a.coyote.http11.Http11NioProtocol - Starting ProtocolHandler ["http-nio-8080"]
2026-07-30 09:23:07.896 [main] INFO  o.s.boot.tomcat.TomcatWebServer - Tomcat started on port 8080 (http) with context path '/'
2026-07-30 09:23:07.899 [main] INFO  c.e.p.PersonelListesiApplication - Started PersonelListesiApplication in 1.442 seconds (process running for 1.675)
2026-07-30 09:23:13.326 [http-nio-8080-exec-1] INFO  o.a.c.c.C.[Tomcat].[localhost].[/] - Initializing Spring DispatcherServlet 'dispatcherServlet'
2026-07-30 09:23:13.326 [http-nio-8080-exec-1] INFO  o.s.web.servlet.DispatcherServlet - Initializing Servlet 'dispatcherServlet'
2026-07-30 09:23:13.327 [http-nio-8080-exec-1] INFO  o.s.web.servlet.DispatcherServlet - Completed initialization in 1 ms
2026-07-30 09:23:13.342 [http-nio-8080-exec-1] WARN  o.s.w.s.m.s.DefaultHandlerExceptionResolver - Resolved [org.springframework.web.bind.MissingServletRequestParameterException: Required request parameter 'token' for method parameter type String is not present]
2026-07-30 09:23:14.139 [http-nio-8080-exec-4] WARN  o.s.w.s.m.s.DefaultHandlerExceptionResolver - Resolved [org.springframework.web.bind.MissingServletRequestParameterException: Required request parameter 'token' for method parameter type String is not present]
2026-07-30 09:23:20.526 [http-nio-8080-exec-6] WARN  o.s.w.s.m.s.DefaultHandlerExceptionResolver - Resolved [org.springframework.http.converter.HttpMessageNotReadableException: Required request body is missing: public org.springframework.http.ResponseEntity<java.lang.String> com.example.personellistesi.controller.AuthController.register(com.example.personellistesi.DTO.UserRegistrationDto)]
2026-07-30 09:24:39.797 [http-nio-8080-exec-8] DEBUG org.hibernate.SQL - select r1_0.id,r1_0.name from roles r1_0 where r1_0.name=?
2026-07-30 09:24:39.806 [http-nio-8080-exec-8] ERROR o.a.c.c.C.[.[.[.[dispatcherServlet] - Servlet.service() for servlet [dispatcherServlet] in context with path [] threw exception [Request processing failed: java.lang.RuntimeException: Rol bulunamadı] with root cause
java.lang.RuntimeException: Rol bulunamadı
	at com.example.personellistesi.service.AuthService.lambda$registerUser$0(AuthService.java:43)
	at java.base/java.util.Optional.orElseThrow(Optional.java:403)
	at com.example.personellistesi.service.AuthService.registerUser(AuthService.java:43)
	at com.example.personellistesi.controller.AuthController.register(AuthController.java:19)
	at java.base/jdk.internal.reflect.DirectMethodHandleAccessor.invoke(DirectMethodHandleAccessor.java:104)
	at java.base/java.lang.reflect.Method.invoke(Method.java:565)
	at org.springframework.web.method.support.InvocableHandlerMethod.doInvoke(InvocableHandlerMethod.java:252)
	at org.springframework.web.method.support.InvocableHandlerMethod.invokeForRequest(InvocableHandlerMethod.java:184)
	at org.springframework.web.servlet.mvc.method.annotation.ServletInvocableHandlerMethod.invokeAndHandle(ServletInvocableHandlerMethod.java:117)
	at org.springframework.web.servlet.mvc.method.annotation.RequestMappingHandlerAdapter.invokeHandlerMethod(RequestMappingHandlerAdapter.java:934)
	at org.springframework.web.servlet.mvc.method.annotation.RequestMappingHandlerAdapter.handleInternal(RequestMappingHandlerAdapter.java:853)
	at org.springframework.web.servlet.mvc.method.AbstractHandlerMethodAdapter.handle(AbstractHandlerMethodAdapter.java:86)
	at org.springframework.web.servlet.DispatcherServlet.doDispatch(DispatcherServlet.java:963)
	at org.springframework.web.servlet.DispatcherServlet.doService(DispatcherServlet.java:866)
	at org.springframework.web.servlet.FrameworkServlet.processRequest(FrameworkServlet.java:1000)
	at org.springframework.web.servlet.FrameworkServlet.doPost(FrameworkServlet.java:903)
	at jakarta.servlet.http.HttpServlet.service(HttpServlet.java:649)
	at org.springframework.web.servlet.FrameworkServlet.service(FrameworkServlet.java:874)
	at jakarta.servlet.http.HttpServlet.service(HttpServlet.java:710)
	at org.apache.catalina.core.ApplicationFilterChain.doFilter(ApplicationFilterChain.java:128)
	at org.apache.tomcat.websocket.server.WsFilter.doFilter(WsFilter.java:53)
	at org.apache.catalina.core.ApplicationFilterChain.doFilter(ApplicationFilterChain.java:107)
	at org.springframework.web.filter.RequestContextFilter.doFilterInternal(RequestContextFilter.java:100)
	at org.springframework.web.filter.OncePerRequestFilter.doFilter(OncePerRequestFilter.java:116)
	at org.apache.catalina.core.ApplicationFilterChain.doFilter(ApplicationFilterChain.java:107)
	at org.springframework.web.filter.FormContentFilter.doFilterInternal(FormContentFilter.java:93)
	at org.springframework.web.filter.OncePerRequestFilter.doFilter(OncePerRequestFilter.java:116)
	at org.apache.catalina.core.ApplicationFilterChain.doFilter(ApplicationFilterChain.java:107)
	at org.springframework.web.filter.CharacterEncodingFilter.doFilterInternal(CharacterEncodingFilter.java:199)
	at org.springframework.web.filter.OncePerRequestFilter.doFilter(OncePerRequestFilter.java:116)
	at org.apache.catalina.core.ApplicationFilterChain.doFilter(ApplicationFilterChain.java:107)
	at org.apache.catalina.core.StandardWrapperValve.invoke(StandardWrapperValve.java:165)
	at org.apache.catalina.core.StandardContextValve.invoke(StandardContextValve.java:77)
	at org.apache.catalina.authenticator.AuthenticatorBase.invoke(AuthenticatorBase.java:492)
	at org.apache.catalina.core.StandardHostValve.invoke(StandardHostValve.java:113)
	at org.apache.catalina.valves.ErrorReportValve.invoke(ErrorReportValve.java:83)
	at org.apache.catalina.core.StandardEngineValve.invoke(StandardEngineValve.java:72)
	at org.apache.catalina.connector.CoyoteAdapter.service(CoyoteAdapter.java:341)
	at org.apache.coyote.http11.Http11Processor.service(Http11Processor.java:397)
	at org.apache.coyote.AbstractProcessorLight.process(AbstractProcessorLight.java:63)
	at org.apache.coyote.AbstractProtocol$ConnectionHandler.process(AbstractProtocol.java:1272)
	at org.apache.tomcat.util.net.NioEndpoint$SocketProcessor.doRun(NioEndpoint.java:1801)
	at org.apache.tomcat.util.net.SocketProcessorBase.run(SocketProcessorBase.java:52)
	at org.apache.tomcat.util.threads.ThreadPoolExecutor.runWorker(ThreadPoolExecutor.java:946)
	at org.apache.tomcat.util.threads.ThreadPoolExecutor$Worker.run(ThreadPoolExecutor.java:480)
	at org.apache.tomcat.util.threads.TaskThread$WrappingRunnable.run(TaskThread.java:57)
	at java.base/java.lang.Thread.run(Thread.java:1474)
2026-07-30 09:25:55.793 [SpringApplicationShutdownHook] INFO  o.s.boot.tomcat.GracefulShutdown - Commencing graceful shutdown. Waiting for active requests to complete
2026-07-30 09:25:55.798 [tomcat-shutdown] INFO  o.s.boot.tomcat.GracefulShutdown - Graceful shutdown complete
2026-07-30 09:25:55.801 [SpringApplicationShutdownHook] INFO  o.s.o.j.LocalContainerEntityManagerFactoryBean - Closing JPA EntityManagerFactory for persistence unit 'default'
2026-07-30 09:25:55.801 [SpringApplicationShutdownHook] INFO  com.zaxxer.hikari.HikariDataSource - HikariPool-1 - Shutdown initiated...
2026-07-30 09:25:55.802 [SpringApplicationShutdownHook] INFO  com.zaxxer.hikari.HikariDataSource - HikariPool-1 - Shutdown completed.
2026-07-30 09:28:29.575 [main] INFO  c.e.p.PersonelListesiApplication - Starting PersonelListesiApplication using Java 25 with PID 1632 (/Users/fatmanuryurdakul/Downloads/PersonelListesi/target/classes started by fatmanuryurdakul in /Users/fatmanuryurdakul/Downloads/PersonelListesi)
2026-07-30 09:28:29.575 [main] DEBUG c.e.p.PersonelListesiApplication - Running with Spring Boot v4.1.0, Spring v7.0.8
2026-07-30 09:28:29.576 [main] INFO  c.e.p.PersonelListesiApplication - No active profile set, falling back to 1 default profile: "default"
2026-07-30 09:28:29.681 [background-preinit] INFO  o.h.validator.internal.util.Version - HV000001: Hibernate Validator 9.1.0.Final
2026-07-30 09:28:29.737 [main] INFO  o.s.d.r.c.RepositoryConfigurationDelegate - Bootstrapping Spring Data JPA repositories in DEFAULT mode.
2026-07-30 09:28:29.753 [main] INFO  o.s.d.r.c.RepositoryConfigurationDelegate - Finished Spring Data repository scanning in 13 ms. Found 7 JPA repository interfaces.
2026-07-30 09:28:29.962 [main] INFO  o.s.boot.tomcat.TomcatWebServer - Tomcat initialized with port 8080 (http)
2026-07-30 09:28:29.966 [main] INFO  o.a.coyote.http11.Http11NioProtocol - Initializing ProtocolHandler ["http-nio-8080"]
2026-07-30 09:28:29.966 [main] INFO  o.a.catalina.core.StandardService - Starting service [Tomcat]
2026-07-30 09:28:29.966 [main] INFO  o.a.catalina.core.StandardEngine - Starting Servlet engine: [Apache Tomcat/11.0.22]
2026-07-30 09:28:29.979 [main] INFO  o.s.b.w.c.s.WebApplicationContextInitializer - Root WebApplicationContext: initialization completed in 388 ms
2026-07-30 09:28:30.029 [main] INFO  org.hibernate.orm.jpa - HHH008540: Processing PersistenceUnitInfo [name: default]
2026-07-30 09:28:30.045 [main] INFO  org.hibernate.orm.core - HHH000001: Hibernate ORM core version 7.4.1.Final
2026-07-30 09:28:30.155 [main] INFO  o.s.o.j.p.SpringPersistenceUnitInfo - No LoadTimeWeaver setup: ignoring JPA class transformer
2026-07-30 09:28:30.164 [main] INFO  com.zaxxer.hikari.HikariDataSource - HikariPool-1 - Starting...
2026-07-30 09:28:30.194 [main] INFO  com.zaxxer.hikari.pool.HikariPool - HikariPool-1 - Added connection org.postgresql.jdbc.PgConnection@4a41caed
2026-07-30 09:28:30.195 [main] INFO  com.zaxxer.hikari.HikariDataSource - HikariPool-1 - Start completed.
2026-07-30 09:28:30.206 [main] WARN  org.hibernate.orm.deprecation - HHH90000025: PostgreSQLDialect does not need to be specified explicitly using 'hibernate.dialect' (remove the property setting and it will be selected by default)
2026-07-30 09:28:30.214 [main] INFO  o.hibernate.orm.connections.pooling - HHH10001005: Database info:
	Database JDBC URL [jdbc:postgresql://localhost:5432/postgres]
	Database driver: PostgreSQL JDBC Driver
	Database dialect: PostgreSQLDialect
	Database version: 15.18
	Default catalog/schema: postgres/public
	Autocommit mode: undefined/unknown
	Isolation level: READ_COMMITTED [default READ_COMMITTED]
	JDBC fetch size: none
	Pool: DataSourceConnectionProvider
	Minimum pool size: undefined/unknown
	Maximum pool size: undefined/unknown
2026-07-30 09:28:30.554 [main] INFO  org.hibernate.orm.core - HHH000489: No JTA platform available (set 'hibernate.transaction.jta.platform' to enable JTA platform integration)
2026-07-30 09:28:30.580 [main] DEBUG org.hibernate.SQL - alter table if exists roles alter column id set data type varchar(255)
2026-07-30 09:28:30.586 [main] DEBUG org.hibernate.SQL - alter table if exists roles alter column name set data type varchar(255)
2026-07-30 09:28:30.604 [main] DEBUG org.hibernate.SQL - alter table if exists kullanici add constraint FKgbm8ahsxxf9fqugm5qbldeeqi foreign key (role_id) references roles
2026-07-30 09:28:30.607 [main] INFO  o.s.o.j.LocalContainerEntityManagerFactoryBean - Initialized JPA EntityManagerFactory for persistence unit 'default'
2026-07-30 09:28:30.632 [main] INFO  o.s.d.j.r.q.QueryEnhancerFactories - Hibernate is in classpath; If applicable, HQL parser will be used.
2026-07-30 09:28:30.762 [main] WARN  o.s.b.j.a.JpaBaseConfiguration$JpaWebConfiguration - spring.jpa.open-in-view is enabled by default. Therefore, database queries may be performed during view rendering. Explicitly configure spring.jpa.open-in-view to disable this warning
2026-07-30 09:28:30.768 [main] INFO  o.s.b.w.a.WelcomePageHandlerMapping - Adding welcome page: class path resource [static/index.html]
2026-07-30 09:28:30.887 [main] INFO  o.a.coyote.http11.Http11NioProtocol - Starting ProtocolHandler ["http-nio-8080"]
2026-07-30 09:28:30.892 [main] INFO  o.s.boot.tomcat.TomcatWebServer - Tomcat started on port 8080 (http) with context path '/'
2026-07-30 09:28:30.895 [main] INFO  c.e.p.PersonelListesiApplication - Started PersonelListesiApplication in 1.474 seconds (process running for 1.703)
2026-07-30 09:28:49.124 [http-nio-8080-exec-2] INFO  o.a.c.c.C.[Tomcat].[localhost].[/] - Initializing Spring DispatcherServlet 'dispatcherServlet'
2026-07-30 09:28:49.125 [http-nio-8080-exec-2] INFO  o.s.web.servlet.DispatcherServlet - Initializing Servlet 'dispatcherServlet'
2026-07-30 09:28:49.126 [http-nio-8080-exec-2] INFO  o.s.web.servlet.DispatcherServlet - Completed initialization in 1 ms
2026-07-30 09:28:49.280 [http-nio-8080-exec-2] DEBUG org.hibernate.SQL - select r1_0.id,r1_0.name from roles r1_0 where r1_0.name=?
2026-07-30 09:28:49.304 [http-nio-8080-exec-2] DEBUG org.hibernate.SQL - insert into kullanici (activation_token,email,is_active,password,role_id,username,id) values (?,?,?,?,?,?,?)
2026-07-30 09:29:13.122 [http-nio-8080-exec-3] WARN  o.s.w.s.m.s.DefaultHandlerExceptionResolver - Resolved [org.springframework.web.bind.MissingServletRequestParameterException: Required request parameter 'token' for method parameter type String is not present]
2026-07-30 09:31:19.590 [http-nio-8080-exec-5] DEBUG org.hibernate.SQL - select r1_0.id,r1_0.name from roles r1_0 where r1_0.name=?
2026-07-30 09:31:19.593 [http-nio-8080-exec-5] DEBUG org.hibernate.SQL - insert into kullanici (activation_token,email,is_active,password,role_id,username,id) values (?,?,?,?,?,?,?)
2026-07-30 09:31:19.606 [http-nio-8080-exec-5] WARN  org.hibernate.orm.jdbc.error - HHH000247: ErrorCode: 0, SQLState: 23505
2026-07-30 09:31:19.607 [http-nio-8080-exec-5] WARN  org.hibernate.orm.jdbc.error - ERROR: duplicate key value violates unique constraint "kullanici_email_key"
  Ayrıntı: Key (email)=(ornek@mail.com) already exists.
2026-07-30 09:31:19.616 [http-nio-8080-exec-5] ERROR o.a.c.c.C.[.[.[.[dispatcherServlet] - Servlet.service() for servlet [dispatcherServlet] in context with path [] threw exception [Request processing failed: org.springframework.dao.DataIntegrityViolationException: could not execute statement [ERROR: duplicate key value violates unique constraint "kullanici_email_key"
  Ayrıntı: Key (email)=(ornek@mail.com) already exists.] [insert into kullanici (activation_token,email,is_active,password,role_id,username,id) values (?,?,?,?,?,?,?)]; SQL [insert into kullanici (activation_token,email,is_active,password,role_id,username,id) values (?,?,?,?,?,?,?)]; constraint [kullanici_email_key]] with root cause
org.postgresql.util.PSQLException: ERROR: duplicate key value violates unique constraint "kullanici_email_key"
  Ayrıntı: Key (email)=(ornek@mail.com) already exists.
	at org.postgresql.core.v3.QueryExecutorImpl.receiveErrorResponse(QueryExecutorImpl.java:2904)
	at org.postgresql.core.v3.QueryExecutorImpl.processResults(QueryExecutorImpl.java:2589)
	at org.postgresql.core.v3.QueryExecutorImpl.execute(QueryExecutorImpl.java:431)
	at org.postgresql.jdbc.PgStatement.executeInternal(PgStatement.java:534)
	at org.postgresql.jdbc.PgStatement.execute(PgStatement.java:437)
	at org.postgresql.jdbc.PgPreparedStatement.executeWithFlags(PgPreparedStatement.java:196)
	at org.postgresql.jdbc.PgPreparedStatement.executeUpdate(PgPreparedStatement.java:157)
	at com.zaxxer.hikari.pool.ProxyPreparedStatement.executeUpdate(ProxyPreparedStatement.java:61)
	at com.zaxxer.hikari.pool.HikariProxyPreparedStatement.executeUpdate(HikariProxyPreparedStatement.java)
	at org.hibernate.engine.jdbc.internal.ResultSetReturnImpl.executeUpdate(ResultSetReturnImpl.java:185)
	at org.hibernate.engine.jdbc.mutation.internal.AbstractMutationExecutor.performNonBatchedMutation(AbstractMutationExecutor.java:145)
	at org.hibernate.engine.jdbc.mutation.internal.MutationExecutorSingleNonBatched.performNonBatchedOperations(MutationExecutorSingleNonBatched.java:53)
	at org.hibernate.engine.jdbc.mutation.internal.AbstractMutationExecutor.execute(AbstractMutationExecutor.java:65)
	at org.hibernate.engine.jdbc.mutation.internal.AbstractMutationExecutor.execute(AbstractMutationExecutor.java:54)
	at org.hibernate.persister.entity.mutation.InsertCoordinatorStandard.doStaticInserts(InsertCoordinatorStandard.java:183)
	at org.hibernate.persister.entity.mutation.InsertCoordinatorStandard.coordinateInsert(InsertCoordinatorStandard.java:123)
	at org.hibernate.persister.entity.mutation.InsertCoordinatorStandard.insert(InsertCoordinatorStandard.java:96)
	at org.hibernate.action.internal.EntityInsertAction.execute(EntityInsertAction.java:108)
	at org.hibernate.engine.spi.ActionQueue.executeActions(ActionQueue.java:634)
	at org.hibernate.engine.spi.ActionQueue.executeActions(ActionQueue.java:505)
	at org.hibernate.event.internal.AbstractFlushingEventListener.performExecutions(AbstractFlushingEventListener.java:381)
	at org.hibernate.event.internal.DefaultFlushEventListener.onFlush(DefaultFlushEventListener.java:40)
	at org.hibernate.event.service.internal.EventListenerGroupImpl.fireEventOnEachListener(EventListenerGroupImpl.java:138)
	at org.hibernate.internal.SessionImpl.fireFlush(SessionImpl.java:1458)
	at org.hibernate.internal.SessionImpl.managedFlush(SessionImpl.java:484)
	at org.hibernate.internal.SessionImpl.flushBeforeTransactionCompletion(SessionImpl.java:2086)
	at org.hibernate.internal.SessionImpl.beforeTransactionCompletion(SessionImpl.java:2007)
	at org.hibernate.engine.jdbc.internal.JdbcCoordinatorImpl.beforeTransactionCompletion(JdbcCoordinatorImpl.java:426)
	at org.hibernate.resource.transaction.backend.jdbc.internal.JdbcResourceLocalTransactionCoordinatorImpl.beforeCompletionCallback(JdbcResourceLocalTransactionCoordinatorImpl.java:167)
	at org.hibernate.resource.transaction.backend.jdbc.internal.JdbcResourceLocalTransactionCoordinatorImpl$TransactionDriverControlImpl.commitNoRollbackOnly(JdbcResourceLocalTransactionCoordinatorImpl.java:252)
	at org.hibernate.resource.transaction.backend.jdbc.internal.JdbcResourceLocalTransactionCoordinatorImpl$TransactionDriverControlImpl.commit(JdbcResourceLocalTransactionCoordinatorImpl.java:242)
	at org.hibernate.engine.transaction.internal.TransactionImpl.commit(TransactionImpl.java:89)
	at org.springframework.orm.jpa.JpaTransactionManager.doCommit(JpaTransactionManager.java:552)
	at org.springframework.transaction.support.AbstractPlatformTransactionManager.processCommit(AbstractPlatformTransactionManager.java:794)
	at org.springframework.transaction.support.AbstractPlatformTransactionManager.commit(AbstractPlatformTransactionManager.java:757)
	at org.springframework.transaction.interceptor.TransactionAspectSupport.commitTransactionAfterReturning(TransactionAspectSupport.java:687)
	at org.springframework.transaction.interceptor.TransactionAspectSupport.invokeWithinTransaction(TransactionAspectSupport.java:408)
	at org.springframework.transaction.interceptor.TransactionInterceptor.invoke(TransactionInterceptor.java:130)
	at org.springframework.aop.framework.ReflectiveMethodInvocation.proceed(ReflectiveMethodInvocation.java:179)
	at org.springframework.dao.support.PersistenceExceptionTranslationInterceptor.invoke(PersistenceExceptionTranslationInterceptor.java:135)
	at org.springframework.aop.framework.ReflectiveMethodInvocation.proceed(ReflectiveMethodInvocation.java:179)
	at org.springframework.data.jpa.repository.support.CrudMethodMetadataPostProcessor$CrudMethodMetadataPopulatingMethodInterceptor.invoke(CrudMethodMetadataPostProcessor.java:166)
	at org.springframework.aop.framework.ReflectiveMethodInvocation.proceed(ReflectiveMethodInvocation.java:179)
	at org.springframework.aop.framework.JdkDynamicAopProxy.invoke(JdkDynamicAopProxy.java:222)
	at jdk.proxy2/jdk.proxy2.$Proxy139.save(Unknown Source)
	at com.example.personellistesi.service.AuthService.registerUser(AuthService.java:46)
	at com.example.personellistesi.controller.AuthController.register(AuthController.java:19)
	at java.base/jdk.internal.reflect.DirectMethodHandleAccessor.invoke(DirectMethodHandleAccessor.java:104)
	at java.base/java.lang.reflect.Method.invoke(Method.java:565)
	at org.springframework.web.method.support.InvocableHandlerMethod.doInvoke(InvocableHandlerMethod.java:252)
	at org.springframework.web.method.support.InvocableHandlerMethod.invokeForRequest(InvocableHandlerMethod.java:184)
	at org.springframework.web.servlet.mvc.method.annotation.ServletInvocableHandlerMethod.invokeAndHandle(ServletInvocableHandlerMethod.java:117)
	at org.springframework.web.servlet.mvc.method.annotation.RequestMappingHandlerAdapter.invokeHandlerMethod(RequestMappingHandlerAdapter.java:934)
	at org.springframework.web.servlet.mvc.method.annotation.RequestMappingHandlerAdapter.handleInternal(RequestMappingHandlerAdapter.java:853)
	at org.springframework.web.servlet.mvc.method.AbstractHandlerMethodAdapter.handle(AbstractHandlerMethodAdapter.java:86)
	at org.springframework.web.servlet.DispatcherServlet.doDispatch(DispatcherServlet.java:963)
	at org.springframework.web.servlet.DispatcherServlet.doService(DispatcherServlet.java:866)
	at org.springframework.web.servlet.FrameworkServlet.processRequest(FrameworkServlet.java:1000)
	at org.springframework.web.servlet.FrameworkServlet.doPost(FrameworkServlet.java:903)
	at jakarta.servlet.http.HttpServlet.service(HttpServlet.java:649)
	at org.springframework.web.servlet.FrameworkServlet.service(FrameworkServlet.java:874)
	at jakarta.servlet.http.HttpServlet.service(HttpServlet.java:710)
	at org.apache.catalina.core.ApplicationFilterChain.doFilter(ApplicationFilterChain.java:128)
	at org.apache.tomcat.websocket.server.WsFilter.doFilter(WsFilter.java:53)
	at org.apache.catalina.core.ApplicationFilterChain.doFilter(ApplicationFilterChain.java:107)
	at org.springframework.web.filter.RequestContextFilter.doFilterInternal(RequestContextFilter.java:100)
	at org.springframework.web.filter.OncePerRequestFilter.doFilter(OncePerRequestFilter.java:116)
	at org.apache.catalina.core.ApplicationFilterChain.doFilter(ApplicationFilterChain.java:107)
	at org.springframework.web.filter.FormContentFilter.doFilterInternal(FormContentFilter.java:93)
	at org.springframework.web.filter.OncePerRequestFilter.doFilter(OncePerRequestFilter.java:116)
	at org.apache.catalina.core.ApplicationFilterChain.doFilter(ApplicationFilterChain.java:107)
	at org.springframework.web.filter.CharacterEncodingFilter.doFilterInternal(CharacterEncodingFilter.java:199)
	at org.springframework.web.filter.OncePerRequestFilter.doFilter(OncePerRequestFilter.java:116)
	at org.apache.catalina.core.ApplicationFilterChain.doFilter(ApplicationFilterChain.java:107)
	at org.apache.catalina.core.StandardWrapperValve.invoke(StandardWrapperValve.java:165)
	at org.apache.catalina.core.StandardContextValve.invoke(StandardContextValve.java:77)
	at org.apache.catalina.authenticator.AuthenticatorBase.invoke(AuthenticatorBase.java:492)
	at org.apache.catalina.core.StandardHostValve.invoke(StandardHostValve.java:113)
	at org.apache.catalina.valves.ErrorReportValve.invoke(ErrorReportValve.java:83)
	at org.apache.catalina.core.StandardEngineValve.invoke(StandardEngineValve.java:72)
	at org.apache.catalina.connector.CoyoteAdapter.service(CoyoteAdapter.java:341)
	at org.apache.coyote.http11.Http11Processor.service(Http11Processor.java:397)
	at org.apache.coyote.AbstractProcessorLight.process(AbstractProcessorLight.java:63)
	at org.apache.coyote.AbstractProtocol$ConnectionHandler.process(AbstractProtocol.java:1272)
	at org.apache.tomcat.util.net.NioEndpoint$SocketProcessor.doRun(NioEndpoint.java:1801)
	at org.apache.tomcat.util.net.SocketProcessorBase.run(SocketProcessorBase.java:52)
	at org.apache.tomcat.util.threads.ThreadPoolExecutor.runWorker(ThreadPoolExecutor.java:946)
	at org.apache.tomcat.util.threads.ThreadPoolExecutor$Worker.run(ThreadPoolExecutor.java:480)
	at org.apache.tomcat.util.threads.TaskThread$WrappingRunnable.run(TaskThread.java:57)
	at java.base/java.lang.Thread.run(Thread.java:1474)
2026-07-30 09:31:22.941 [http-nio-8080-exec-7] DEBUG org.hibernate.SQL - select r1_0.id,r1_0.name from roles r1_0 where r1_0.name=?
2026-07-30 09:31:22.944 [http-nio-8080-exec-7] DEBUG org.hibernate.SQL - insert into kullanici (activation_token,email,is_active,password,role_id,username,id) values (?,?,?,?,?,?,?)
2026-07-30 09:31:22.945 [http-nio-8080-exec-7] WARN  org.hibernate.orm.jdbc.error - HHH000247: ErrorCode: 0, SQLState: 23505
2026-07-30 09:31:22.945 [http-nio-8080-exec-7] WARN  org.hibernate.orm.jdbc.error - ERROR: duplicate key value violates unique constraint "kullanici_email_key"
  Ayrıntı: Key (email)=(ornek@mail.com) already exists.
2026-07-30 09:31:22.947 [http-nio-8080-exec-7] ERROR o.a.c.c.C.[.[.[.[dispatcherServlet] - Servlet.service() for servlet [dispatcherServlet] in context with path [] threw exception [Request processing failed: org.springframework.dao.DataIntegrityViolationException: could not execute statement [ERROR: duplicate key value violates unique constraint "kullanici_email_key"
  Ayrıntı: Key (email)=(ornek@mail.com) already exists.] [insert into kullanici (activation_token,email,is_active,password,role_id,username,id) values (?,?,?,?,?,?,?)]; SQL [insert into kullanici (activation_token,email,is_active,password,role_id,username,id) values (?,?,?,?,?,?,?)]; constraint [kullanici_email_key]] with root cause
org.postgresql.util.PSQLException: ERROR: duplicate key value violates unique constraint "kullanici_email_key"
  Ayrıntı: Key (email)=(ornek@mail.com) already exists.
	at org.postgresql.core.v3.QueryExecutorImpl.receiveErrorResponse(QueryExecutorImpl.java:2904)
	at org.postgresql.core.v3.QueryExecutorImpl.processResults(QueryExecutorImpl.java:2589)
	at org.postgresql.core.v3.QueryExecutorImpl.execute(QueryExecutorImpl.java:431)
	at org.postgresql.jdbc.PgStatement.executeInternal(PgStatement.java:534)
	at org.postgresql.jdbc.PgStatement.execute(PgStatement.java:437)
	at org.postgresql.jdbc.PgPreparedStatement.executeWithFlags(PgPreparedStatement.java:196)
	at org.postgresql.jdbc.PgPreparedStatement.executeUpdate(PgPreparedStatement.java:157)
	at com.zaxxer.hikari.pool.ProxyPreparedStatement.executeUpdate(ProxyPreparedStatement.java:61)
	at com.zaxxer.hikari.pool.HikariProxyPreparedStatement.executeUpdate(HikariProxyPreparedStatement.java)
	at org.hibernate.engine.jdbc.internal.ResultSetReturnImpl.executeUpdate(ResultSetReturnImpl.java:185)
	at org.hibernate.engine.jdbc.mutation.internal.AbstractMutationExecutor.performNonBatchedMutation(AbstractMutationExecutor.java:145)
	at org.hibernate.engine.jdbc.mutation.internal.MutationExecutorSingleNonBatched.performNonBatchedOperations(MutationExecutorSingleNonBatched.java:53)
	at org.hibernate.engine.jdbc.mutation.internal.AbstractMutationExecutor.execute(AbstractMutationExecutor.java:65)
	at org.hibernate.engine.jdbc.mutation.internal.AbstractMutationExecutor.execute(AbstractMutationExecutor.java:54)
	at org.hibernate.persister.entity.mutation.InsertCoordinatorStandard.doStaticInserts(InsertCoordinatorStandard.java:183)
	at org.hibernate.persister.entity.mutation.InsertCoordinatorStandard.coordinateInsert(InsertCoordinatorStandard.java:123)
	at org.hibernate.persister.entity.mutation.InsertCoordinatorStandard.insert(InsertCoordinatorStandard.java:96)
	at org.hibernate.action.internal.EntityInsertAction.execute(EntityInsertAction.java:108)
	at org.hibernate.engine.spi.ActionQueue.executeActions(ActionQueue.java:634)
	at org.hibernate.engine.spi.ActionQueue.executeActions(ActionQueue.java:505)
	at org.hibernate.event.internal.AbstractFlushingEventListener.performExecutions(AbstractFlushingEventListener.java:381)
	at org.hibernate.event.internal.DefaultFlushEventListener.onFlush(DefaultFlushEventListener.java:40)
	at org.hibernate.event.service.internal.EventListenerGroupImpl.fireEventOnEachListener(EventListenerGroupImpl.java:138)
	at org.hibernate.internal.SessionImpl.fireFlush(SessionImpl.java:1458)
	at org.hibernate.internal.SessionImpl.managedFlush(SessionImpl.java:484)
	at org.hibernate.internal.SessionImpl.flushBeforeTransactionCompletion(SessionImpl.java:2086)
	at org.hibernate.internal.SessionImpl.beforeTransactionCompletion(SessionImpl.java:2007)
	at org.hibernate.engine.jdbc.internal.JdbcCoordinatorImpl.beforeTransactionCompletion(JdbcCoordinatorImpl.java:426)
	at org.hibernate.resource.transaction.backend.jdbc.internal.JdbcResourceLocalTransactionCoordinatorImpl.beforeCompletionCallback(JdbcResourceLocalTransactionCoordinatorImpl.java:167)
	at org.hibernate.resource.transaction.backend.jdbc.internal.JdbcResourceLocalTransactionCoordinatorImpl$TransactionDriverControlImpl.commitNoRollbackOnly(JdbcResourceLocalTransactionCoordinatorImpl.java:252)
	at org.hibernate.resource.transaction.backend.jdbc.internal.JdbcResourceLocalTransactionCoordinatorImpl$TransactionDriverControlImpl.commit(JdbcResourceLocalTransactionCoordinatorImpl.java:242)
	at org.hibernate.engine.transaction.internal.TransactionImpl.commit(TransactionImpl.java:89)
	at org.springframework.orm.jpa.JpaTransactionManager.doCommit(JpaTransactionManager.java:552)
	at org.springframework.transaction.support.AbstractPlatformTransactionManager.processCommit(AbstractPlatformTransactionManager.java:794)
	at org.springframework.transaction.support.AbstractPlatformTransactionManager.commit(AbstractPlatformTransactionManager.java:757)
	at org.springframework.transaction.interceptor.TransactionAspectSupport.commitTransactionAfterReturning(TransactionAspectSupport.java:687)
	at org.springframework.transaction.interceptor.TransactionAspectSupport.invokeWithinTransaction(TransactionAspectSupport.java:408)
	at org.springframework.transaction.interceptor.TransactionInterceptor.invoke(TransactionInterceptor.java:130)
	at org.springframework.aop.framework.ReflectiveMethodInvocation.proceed(ReflectiveMethodInvocation.java:179)
	at org.springframework.dao.support.PersistenceExceptionTranslationInterceptor.invoke(PersistenceExceptionTranslationInterceptor.java:135)
	at org.springframework.aop.framework.ReflectiveMethodInvocation.proceed(ReflectiveMethodInvocation.java:179)
	at org.springframework.data.jpa.repository.support.CrudMethodMetadataPostProcessor$CrudMethodMetadataPopulatingMethodInterceptor.invoke(CrudMethodMetadataPostProcessor.java:166)
	at org.springframework.aop.framework.ReflectiveMethodInvocation.proceed(ReflectiveMethodInvocation.java:179)
	at org.springframework.aop.framework.JdkDynamicAopProxy.invoke(JdkDynamicAopProxy.java:222)
	at jdk.proxy2/jdk.proxy2.$Proxy139.save(Unknown Source)
	at com.example.personellistesi.service.AuthService.registerUser(AuthService.java:46)
	at com.example.personellistesi.controller.AuthController.register(AuthController.java:19)
	at java.base/jdk.internal.reflect.DirectMethodHandleAccessor.invoke(DirectMethodHandleAccessor.java:104)
	at java.base/java.lang.reflect.Method.invoke(Method.java:565)
	at org.springframework.web.method.support.InvocableHandlerMethod.doInvoke(InvocableHandlerMethod.java:252)
	at org.springframework.web.method.support.InvocableHandlerMethod.invokeForRequest(InvocableHandlerMethod.java:184)
	at org.springframework.web.servlet.mvc.method.annotation.ServletInvocableHandlerMethod.invokeAndHandle(ServletInvocableHandlerMethod.java:117)
	at org.springframework.web.servlet.mvc.method.annotation.RequestMappingHandlerAdapter.invokeHandlerMethod(RequestMappingHandlerAdapter.java:934)
	at org.springframework.web.servlet.mvc.method.annotation.RequestMappingHandlerAdapter.handleInternal(RequestMappingHandlerAdapter.java:853)
	at org.springframework.web.servlet.mvc.method.AbstractHandlerMethodAdapter.handle(AbstractHandlerMethodAdapter.java:86)
	at org.springframework.web.servlet.DispatcherServlet.doDispatch(DispatcherServlet.java:963)
	at org.springframework.web.servlet.DispatcherServlet.doService(DispatcherServlet.java:866)
	at org.springframework.web.servlet.FrameworkServlet.processRequest(FrameworkServlet.java:1000)
	at org.springframework.web.servlet.FrameworkServlet.doPost(FrameworkServlet.java:903)
	at jakarta.servlet.http.HttpServlet.service(HttpServlet.java:649)
	at org.springframework.web.servlet.FrameworkServlet.service(FrameworkServlet.java:874)
	at jakarta.servlet.http.HttpServlet.service(HttpServlet.java:710)
	at org.apache.catalina.core.ApplicationFilterChain.doFilter(ApplicationFilterChain.java:128)
	at org.apache.tomcat.websocket.server.WsFilter.doFilter(WsFilter.java:53)
	at org.apache.catalina.core.ApplicationFilterChain.doFilter(ApplicationFilterChain.java:107)
	at org.springframework.web.filter.RequestContextFilter.doFilterInternal(RequestContextFilter.java:100)
	at org.springframework.web.filter.OncePerRequestFilter.doFilter(OncePerRequestFilter.java:116)
	at org.apache.catalina.core.ApplicationFilterChain.doFilter(ApplicationFilterChain.java:107)
	at org.springframework.web.filter.FormContentFilter.doFilterInternal(FormContentFilter.java:93)
	at org.springframework.web.filter.OncePerRequestFilter.doFilter(OncePerRequestFilter.java:116)
	at org.apache.catalina.core.ApplicationFilterChain.doFilter(ApplicationFilterChain.java:107)
	at org.springframework.web.filter.CharacterEncodingFilter.doFilterInternal(CharacterEncodingFilter.java:199)
	at org.springframework.web.filter.OncePerRequestFilter.doFilter(OncePerRequestFilter.java:116)
	at org.apache.catalina.core.ApplicationFilterChain.doFilter(ApplicationFilterChain.java:107)
	at org.apache.catalina.core.StandardWrapperValve.invoke(StandardWrapperValve.java:165)
	at org.apache.catalina.core.StandardContextValve.invoke(StandardContextValve.java:77)
	at org.apache.catalina.authenticator.AuthenticatorBase.invoke(AuthenticatorBase.java:492)
	at org.apache.catalina.core.StandardHostValve.invoke(StandardHostValve.java:113)
	at org.apache.catalina.valves.ErrorReportValve.invoke(ErrorReportValve.java:83)
	at org.apache.catalina.core.StandardEngineValve.invoke(StandardEngineValve.java:72)
	at org.apache.catalina.connector.CoyoteAdapter.service(CoyoteAdapter.java:341)
	at org.apache.coyote.http11.Http11Processor.service(Http11Processor.java:397)
	at org.apache.coyote.AbstractProcessorLight.process(AbstractProcessorLight.java:63)
	at org.apache.coyote.AbstractProtocol$ConnectionHandler.process(AbstractProtocol.java:1272)
	at org.apache.tomcat.util.net.NioEndpoint$SocketProcessor.doRun(NioEndpoint.java:1801)
	at org.apache.tomcat.util.net.SocketProcessorBase.run(SocketProcessorBase.java:52)
	at org.apache.tomcat.util.threads.ThreadPoolExecutor.runWorker(ThreadPoolExecutor.java:946)
	at org.apache.tomcat.util.threads.ThreadPoolExecutor$Worker.run(ThreadPoolExecutor.java:480)
	at org.apache.tomcat.util.threads.TaskThread$WrappingRunnable.run(TaskThread.java:57)
	at java.base/java.lang.Thread.run(Thread.java:1474)
2026-07-30 09:31:29.966 [SpringApplicationShutdownHook] INFO  o.s.boot.tomcat.GracefulShutdown - Commencing graceful shutdown. Waiting for active requests to complete
2026-07-30 09:31:29.970 [tomcat-shutdown] INFO  o.s.boot.tomcat.GracefulShutdown - Graceful shutdown complete
2026-07-30 09:31:29.973 [SpringApplicationShutdownHook] INFO  o.s.o.j.LocalContainerEntityManagerFactoryBean - Closing JPA EntityManagerFactory for persistence unit 'default'
2026-07-30 09:31:29.974 [SpringApplicationShutdownHook] INFO  com.zaxxer.hikari.HikariDataSource - HikariPool-1 - Shutdown initiated...
2026-07-30 09:31:29.974 [SpringApplicationShutdownHook] INFO  com.zaxxer.hikari.HikariDataSource - HikariPool-1 - Shutdown completed.
2026-07-30 09:31:32.662 [main] INFO  c.e.p.PersonelListesiApplication - Starting PersonelListesiApplication using Java 25 with PID 1691 (/Users/fatmanuryurdakul/Downloads/PersonelListesi/target/classes started by fatmanuryurdakul in /Users/fatmanuryurdakul/Downloads/PersonelListesi)
2026-07-30 09:31:32.662 [main] DEBUG c.e.p.PersonelListesiApplication - Running with Spring Boot v4.1.0, Spring v7.0.8
2026-07-30 09:31:32.662 [main] INFO  c.e.p.PersonelListesiApplication - No active profile set, falling back to 1 default profile: "default"
2026-07-30 09:31:32.772 [background-preinit] INFO  o.h.validator.internal.util.Version - HV000001: Hibernate Validator 9.1.0.Final
2026-07-30 09:31:32.829 [main] INFO  o.s.d.r.c.RepositoryConfigurationDelegate - Bootstrapping Spring Data JPA repositories in DEFAULT mode.
2026-07-30 09:31:32.843 [main] INFO  o.s.d.r.c.RepositoryConfigurationDelegate - Finished Spring Data repository scanning in 12 ms. Found 7 JPA repository interfaces.
2026-07-30 09:31:33.060 [main] INFO  o.s.boot.tomcat.TomcatWebServer - Tomcat initialized with port 8080 (http)
2026-07-30 09:31:33.065 [main] INFO  o.a.coyote.http11.Http11NioProtocol - Initializing ProtocolHandler ["http-nio-8080"]
2026-07-30 09:31:33.065 [main] INFO  o.a.catalina.core.StandardService - Starting service [Tomcat]
2026-07-30 09:31:33.065 [main] INFO  o.a.catalina.core.StandardEngine - Starting Servlet engine: [Apache Tomcat/11.0.22]
2026-07-30 09:31:33.078 [main] INFO  o.s.b.w.c.s.WebApplicationContextInitializer - Root WebApplicationContext: initialization completed in 400 ms
2026-07-30 09:31:33.129 [main] INFO  org.hibernate.orm.jpa - HHH008540: Processing PersistenceUnitInfo [name: default]
2026-07-30 09:31:33.146 [main] INFO  org.hibernate.orm.core - HHH000001: Hibernate ORM core version 7.4.1.Final
2026-07-30 09:31:33.265 [main] INFO  o.s.o.j.p.SpringPersistenceUnitInfo - No LoadTimeWeaver setup: ignoring JPA class transformer
2026-07-30 09:31:33.275 [main] INFO  com.zaxxer.hikari.HikariDataSource - HikariPool-1 - Starting...
2026-07-30 09:31:33.306 [main] INFO  com.zaxxer.hikari.pool.HikariPool - HikariPool-1 - Added connection org.postgresql.jdbc.PgConnection@26bce60d
2026-07-30 09:31:33.306 [main] INFO  com.zaxxer.hikari.HikariDataSource - HikariPool-1 - Start completed.
2026-07-30 09:31:33.317 [main] WARN  org.hibernate.orm.deprecation - HHH90000025: PostgreSQLDialect does not need to be specified explicitly using 'hibernate.dialect' (remove the property setting and it will be selected by default)
2026-07-30 09:31:33.325 [main] INFO  o.hibernate.orm.connections.pooling - HHH10001005: Database info:
	Database JDBC URL [jdbc:postgresql://localhost:5432/postgres]
	Database driver: PostgreSQL JDBC Driver
	Database dialect: PostgreSQLDialect
	Database version: 15.18
	Default catalog/schema: postgres/public
	Autocommit mode: undefined/unknown
	Isolation level: READ_COMMITTED [default READ_COMMITTED]
	JDBC fetch size: none
	Pool: DataSourceConnectionProvider
	Minimum pool size: undefined/unknown
	Maximum pool size: undefined/unknown
2026-07-30 09:31:33.650 [main] INFO  org.hibernate.orm.core - HHH000489: No JTA platform available (set 'hibernate.transaction.jta.platform' to enable JTA platform integration)
2026-07-30 09:31:33.692 [main] INFO  o.s.o.j.LocalContainerEntityManagerFactoryBean - Initialized JPA EntityManagerFactory for persistence unit 'default'
2026-07-30 09:31:33.715 [main] INFO  o.s.d.j.r.q.QueryEnhancerFactories - Hibernate is in classpath; If applicable, HQL parser will be used.
2026-07-30 09:31:33.839 [main] WARN  o.s.b.j.a.JpaBaseConfiguration$JpaWebConfiguration - spring.jpa.open-in-view is enabled by default. Therefore, database queries may be performed during view rendering. Explicitly configure spring.jpa.open-in-view to disable this warning
2026-07-30 09:31:33.844 [main] INFO  o.s.b.w.a.WelcomePageHandlerMapping - Adding welcome page: class path resource [static/index.html]
2026-07-30 09:31:33.964 [main] INFO  o.a.coyote.http11.Http11NioProtocol - Starting ProtocolHandler ["http-nio-8080"]
2026-07-30 09:31:33.969 [main] INFO  o.s.boot.tomcat.TomcatWebServer - Tomcat started on port 8080 (http) with context path '/'
2026-07-30 09:31:33.971 [main] INFO  c.e.p.PersonelListesiApplication - Started PersonelListesiApplication in 1.463 seconds (process running for 1.669)
2026-07-30 09:31:38.863 [http-nio-8080-exec-2] INFO  o.a.c.c.C.[Tomcat].[localhost].[/] - Initializing Spring DispatcherServlet 'dispatcherServlet'
2026-07-30 09:31:38.863 [http-nio-8080-exec-2] INFO  o.s.web.servlet.DispatcherServlet - Initializing Servlet 'dispatcherServlet'
2026-07-30 09:31:38.864 [http-nio-8080-exec-2] INFO  o.s.web.servlet.DispatcherServlet - Completed initialization in 0 ms
2026-07-30 09:31:39.017 [http-nio-8080-exec-2] DEBUG org.hibernate.SQL - select r1_0.id,r1_0.name from roles r1_0 where r1_0.name=?
2026-07-30 09:31:39.034 [http-nio-8080-exec-2] DEBUG org.hibernate.SQL - insert into kullanici (activation_token,email,is_active,password,role_id,username,id) values (?,?,?,?,?,?,?)
2026-07-30 09:31:39.037 [http-nio-8080-exec-2] WARN  org.hibernate.orm.jdbc.error - HHH000247: ErrorCode: 0, SQLState: 23505
2026-07-30 09:31:39.037 [http-nio-8080-exec-2] WARN  org.hibernate.orm.jdbc.error - ERROR: duplicate key value violates unique constraint "kullanici_email_key"
  Ayrıntı: Key (email)=(ornek@mail.com) already exists.
2026-07-30 09:31:39.040 [http-nio-8080-exec-2] ERROR o.a.c.c.C.[.[.[.[dispatcherServlet] - Servlet.service() for servlet [dispatcherServlet] in context with path [] threw exception [Request processing failed: org.springframework.dao.DataIntegrityViolationException: could not execute statement [ERROR: duplicate key value violates unique constraint "kullanici_email_key"
  Ayrıntı: Key (email)=(ornek@mail.com) already exists.] [insert into kullanici (activation_token,email,is_active,password,role_id,username,id) values (?,?,?,?,?,?,?)]; SQL [insert into kullanici (activation_token,email,is_active,password,role_id,username,id) values (?,?,?,?,?,?,?)]; constraint [kullanici_email_key]] with root cause
org.postgresql.util.PSQLException: ERROR: duplicate key value violates unique constraint "kullanici_email_key"
  Ayrıntı: Key (email)=(ornek@mail.com) already exists.
	at org.postgresql.core.v3.QueryExecutorImpl.receiveErrorResponse(QueryExecutorImpl.java:2904)
	at org.postgresql.core.v3.QueryExecutorImpl.processResults(QueryExecutorImpl.java:2589)
	at org.postgresql.core.v3.QueryExecutorImpl.execute(QueryExecutorImpl.java:431)
	at org.postgresql.jdbc.PgStatement.executeInternal(PgStatement.java:534)
	at org.postgresql.jdbc.PgStatement.execute(PgStatement.java:437)
	at org.postgresql.jdbc.PgPreparedStatement.executeWithFlags(PgPreparedStatement.java:196)
	at org.postgresql.jdbc.PgPreparedStatement.executeUpdate(PgPreparedStatement.java:157)
	at com.zaxxer.hikari.pool.ProxyPreparedStatement.executeUpdate(ProxyPreparedStatement.java:61)
	at com.zaxxer.hikari.pool.HikariProxyPreparedStatement.executeUpdate(HikariProxyPreparedStatement.java)
	at org.hibernate.engine.jdbc.internal.ResultSetReturnImpl.executeUpdate(ResultSetReturnImpl.java:185)
	at org.hibernate.engine.jdbc.mutation.internal.AbstractMutationExecutor.performNonBatchedMutation(AbstractMutationExecutor.java:145)
	at org.hibernate.engine.jdbc.mutation.internal.MutationExecutorSingleNonBatched.performNonBatchedOperations(MutationExecutorSingleNonBatched.java:53)
	at org.hibernate.engine.jdbc.mutation.internal.AbstractMutationExecutor.execute(AbstractMutationExecutor.java:65)
	at org.hibernate.engine.jdbc.mutation.internal.AbstractMutationExecutor.execute(AbstractMutationExecutor.java:54)
	at org.hibernate.persister.entity.mutation.InsertCoordinatorStandard.doStaticInserts(InsertCoordinatorStandard.java:183)
	at org.hibernate.persister.entity.mutation.InsertCoordinatorStandard.coordinateInsert(InsertCoordinatorStandard.java:123)
	at org.hibernate.persister.entity.mutation.InsertCoordinatorStandard.insert(InsertCoordinatorStandard.java:96)
	at org.hibernate.action.internal.EntityInsertAction.execute(EntityInsertAction.java:108)
	at org.hibernate.engine.spi.ActionQueue.executeActions(ActionQueue.java:634)
	at org.hibernate.engine.spi.ActionQueue.executeActions(ActionQueue.java:505)
	at org.hibernate.event.internal.AbstractFlushingEventListener.performExecutions(AbstractFlushingEventListener.java:381)
	at org.hibernate.event.internal.DefaultFlushEventListener.onFlush(DefaultFlushEventListener.java:40)
	at org.hibernate.event.service.internal.EventListenerGroupImpl.fireEventOnEachListener(EventListenerGroupImpl.java:138)
	at org.hibernate.internal.SessionImpl.fireFlush(SessionImpl.java:1458)
	at org.hibernate.internal.SessionImpl.managedFlush(SessionImpl.java:484)
	at org.hibernate.internal.SessionImpl.flushBeforeTransactionCompletion(SessionImpl.java:2086)
	at org.hibernate.internal.SessionImpl.beforeTransactionCompletion(SessionImpl.java:2007)
	at org.hibernate.engine.jdbc.internal.JdbcCoordinatorImpl.beforeTransactionCompletion(JdbcCoordinatorImpl.java:426)
	at org.hibernate.resource.transaction.backend.jdbc.internal.JdbcResourceLocalTransactionCoordinatorImpl.beforeCompletionCallback(JdbcResourceLocalTransactionCoordinatorImpl.java:167)
	at org.hibernate.resource.transaction.backend.jdbc.internal.JdbcResourceLocalTransactionCoordinatorImpl$TransactionDriverControlImpl.commitNoRollbackOnly(JdbcResourceLocalTransactionCoordinatorImpl.java:252)
	at org.hibernate.resource.transaction.backend.jdbc.internal.JdbcResourceLocalTransactionCoordinatorImpl$TransactionDriverControlImpl.commit(JdbcResourceLocalTransactionCoordinatorImpl.java:242)
	at org.hibernate.engine.transaction.internal.TransactionImpl.commit(TransactionImpl.java:89)
	at org.springframework.orm.jpa.JpaTransactionManager.doCommit(JpaTransactionManager.java:552)
	at org.springframework.transaction.support.AbstractPlatformTransactionManager.processCommit(AbstractPlatformTransactionManager.java:794)
	at org.springframework.transaction.support.AbstractPlatformTransactionManager.commit(AbstractPlatformTransactionManager.java:757)
	at org.springframework.transaction.interceptor.TransactionAspectSupport.commitTransactionAfterReturning(TransactionAspectSupport.java:687)
	at org.springframework.transaction.interceptor.TransactionAspectSupport.invokeWithinTransaction(TransactionAspectSupport.java:408)
	at org.springframework.transaction.interceptor.TransactionInterceptor.invoke(TransactionInterceptor.java:130)
	at org.springframework.aop.framework.ReflectiveMethodInvocation.proceed(ReflectiveMethodInvocation.java:179)
	at org.springframework.dao.support.PersistenceExceptionTranslationInterceptor.invoke(PersistenceExceptionTranslationInterceptor.java:135)
	at org.springframework.aop.framework.ReflectiveMethodInvocation.proceed(ReflectiveMethodInvocation.java:179)
	at org.springframework.data.jpa.repository.support.CrudMethodMetadataPostProcessor$CrudMethodMetadataPopulatingMethodInterceptor.invoke(CrudMethodMetadataPostProcessor.java:166)
	at org.springframework.aop.framework.ReflectiveMethodInvocation.proceed(ReflectiveMethodInvocation.java:179)
	at org.springframework.aop.framework.JdkDynamicAopProxy.invoke(JdkDynamicAopProxy.java:222)
	at jdk.proxy2/jdk.proxy2.$Proxy139.save(Unknown Source)
	at com.example.personellistesi.service.AuthService.registerUser(AuthService.java:46)
	at com.example.personellistesi.controller.AuthController.register(AuthController.java:19)
	at java.base/jdk.internal.reflect.DirectMethodHandleAccessor.invoke(DirectMethodHandleAccessor.java:104)
	at java.base/java.lang.reflect.Method.invoke(Method.java:565)
	at org.springframework.web.method.support.InvocableHandlerMethod.doInvoke(InvocableHandlerMethod.java:252)
	at org.springframework.web.method.support.InvocableHandlerMethod.invokeForRequest(InvocableHandlerMethod.java:184)
	at org.springframework.web.servlet.mvc.method.annotation.ServletInvocableHandlerMethod.invokeAndHandle(ServletInvocableHandlerMethod.java:117)
	at org.springframework.web.servlet.mvc.method.annotation.RequestMappingHandlerAdapter.invokeHandlerMethod(RequestMappingHandlerAdapter.java:934)
	at org.springframework.web.servlet.mvc.method.annotation.RequestMappingHandlerAdapter.handleInternal(RequestMappingHandlerAdapter.java:853)
	at org.springframework.web.servlet.mvc.method.AbstractHandlerMethodAdapter.handle(AbstractHandlerMethodAdapter.java:86)
	at org.springframework.web.servlet.DispatcherServlet.doDispatch(DispatcherServlet.java:963)
	at org.springframework.web.servlet.DispatcherServlet.doService(DispatcherServlet.java:866)
	at org.springframework.web.servlet.FrameworkServlet.processRequest(FrameworkServlet.java:1000)
	at org.springframework.web.servlet.FrameworkServlet.doPost(FrameworkServlet.java:903)
	at jakarta.servlet.http.HttpServlet.service(HttpServlet.java:649)
	at org.springframework.web.servlet.FrameworkServlet.service(FrameworkServlet.java:874)
	at jakarta.servlet.http.HttpServlet.service(HttpServlet.java:710)
	at org.apache.catalina.core.ApplicationFilterChain.doFilter(ApplicationFilterChain.java:128)
	at org.apache.tomcat.websocket.server.WsFilter.doFilter(WsFilter.java:53)
	at org.apache.catalina.core.ApplicationFilterChain.doFilter(ApplicationFilterChain.java:107)
	at org.springframework.web.filter.RequestContextFilter.doFilterInternal(RequestContextFilter.java:100)
	at org.springframework.web.filter.OncePerRequestFilter.doFilter(OncePerRequestFilter.java:116)
	at org.apache.catalina.core.ApplicationFilterChain.doFilter(ApplicationFilterChain.java:107)
	at org.springframework.web.filter.FormContentFilter.doFilterInternal(FormContentFilter.java:93)
	at org.springframework.web.filter.OncePerRequestFilter.doFilter(OncePerRequestFilter.java:116)
	at org.apache.catalina.core.ApplicationFilterChain.doFilter(ApplicationFilterChain.java:107)
	at org.springframework.web.filter.CharacterEncodingFilter.doFilterInternal(CharacterEncodingFilter.java:199)
	at org.springframework.web.filter.OncePerRequestFilter.doFilter(OncePerRequestFilter.java:116)
	at org.apache.catalina.core.ApplicationFilterChain.doFilter(ApplicationFilterChain.java:107)
	at org.apache.catalina.core.StandardWrapperValve.invoke(StandardWrapperValve.java:165)
	at org.apache.catalina.core.StandardContextValve.invoke(StandardContextValve.java:77)
	at org.apache.catalina.authenticator.AuthenticatorBase.invoke(AuthenticatorBase.java:492)
	at org.apache.catalina.core.StandardHostValve.invoke(StandardHostValve.java:113)
	at org.apache.catalina.valves.ErrorReportValve.invoke(ErrorReportValve.java:83)
	at org.apache.catalina.core.StandardEngineValve.invoke(StandardEngineValve.java:72)
	at org.apache.catalina.connector.CoyoteAdapter.service(CoyoteAdapter.java:341)
	at org.apache.coyote.http11.Http11Processor.service(Http11Processor.java:397)
	at org.apache.coyote.AbstractProcessorLight.process(AbstractProcessorLight.java:63)
	at org.apache.coyote.AbstractProtocol$ConnectionHandler.process(AbstractProtocol.java:1272)
	at org.apache.tomcat.util.net.NioEndpoint$SocketProcessor.doRun(NioEndpoint.java:1801)
	at org.apache.tomcat.util.net.SocketProcessorBase.run(SocketProcessorBase.java:52)
	at org.apache.tomcat.util.threads.ThreadPoolExecutor.runWorker(ThreadPoolExecutor.java:946)
	at org.apache.tomcat.util.threads.ThreadPoolExecutor$Worker.run(ThreadPoolExecutor.java:480)
	at org.apache.tomcat.util.threads.TaskThread$WrappingRunnable.run(TaskThread.java:57)
	at java.base/java.lang.Thread.run(Thread.java:1474)
2026-07-30 09:33:45.979 [http-nio-8080-exec-3] DEBUG org.hibernate.SQL - select k1_0.id,k1_0.activation_token,k1_0.email,k1_0.is_active,k1_0.password,k1_0.role_id,k1_0.username from kullanici k1_0 where k1_0.activation_token=?
2026-07-30 09:33:45.985 [http-nio-8080-exec-3] DEBUG org.hibernate.SQL - select r1_0.id,r1_0.name from roles r1_0 where r1_0.id=?
2026-07-30 09:33:45.991 [http-nio-8080-exec-3] DEBUG org.hibernate.SQL - update kullanici set activation_token=?,email=?,is_active=?,password=?,role_id=?,username=? where id=?
2026-07-30 09:34:18.862 [http-nio-8080-exec-6] DEBUG org.hibernate.SQL - select k1_0.id,k1_0.activation_token,k1_0.email,k1_0.is_active,k1_0.password,k1_0.role_id,k1_0.username from kullanici k1_0 where k1_0.activation_token=?
2026-07-30 09:34:18.864 [http-nio-8080-exec-6] ERROR o.a.c.c.C.[.[.[.[dispatcherServlet] - Servlet.service() for servlet [dispatcherServlet] in context with path [] threw exception [Request processing failed: java.lang.RuntimeException: Geçersiz veya süresi dolmuş aktivasyon token'ı!] with root cause
java.lang.RuntimeException: Geçersiz veya süresi dolmuş aktivasyon token'ı!
	at com.example.personellistesi.service.AuthService.lambda$activateAccount$0(AuthService.java:69)
	at java.base/java.util.Optional.orElseThrow(Optional.java:403)
	at com.example.personellistesi.service.AuthService.activateAccount(AuthService.java:69)
	at com.example.personellistesi.controller.AuthController.activateAccount(AuthController.java:26)
	at java.base/jdk.internal.reflect.DirectMethodHandleAccessor.invoke(DirectMethodHandleAccessor.java:104)
	at java.base/java.lang.reflect.Method.invoke(Method.java:565)
	at org.springframework.web.method.support.InvocableHandlerMethod.doInvoke(InvocableHandlerMethod.java:252)
	at org.springframework.web.method.support.InvocableHandlerMethod.invokeForRequest(InvocableHandlerMethod.java:184)
	at org.springframework.web.servlet.mvc.method.annotation.ServletInvocableHandlerMethod.invokeAndHandle(ServletInvocableHandlerMethod.java:117)
	at org.springframework.web.servlet.mvc.method.annotation.RequestMappingHandlerAdapter.invokeHandlerMethod(RequestMappingHandlerAdapter.java:934)
	at org.springframework.web.servlet.mvc.method.annotation.RequestMappingHandlerAdapter.handleInternal(RequestMappingHandlerAdapter.java:853)
	at org.springframework.web.servlet.mvc.method.AbstractHandlerMethodAdapter.handle(AbstractHandlerMethodAdapter.java:86)
	at org.springframework.web.servlet.DispatcherServlet.doDispatch(DispatcherServlet.java:963)
	at org.springframework.web.servlet.DispatcherServlet.doService(DispatcherServlet.java:866)
	at org.springframework.web.servlet.FrameworkServlet.processRequest(FrameworkServlet.java:1000)
	at org.springframework.web.servlet.FrameworkServlet.doGet(FrameworkServlet.java:892)
	at jakarta.servlet.http.HttpServlet.service(HttpServlet.java:622)
	at org.springframework.web.servlet.FrameworkServlet.service(FrameworkServlet.java:874)
	at jakarta.servlet.http.HttpServlet.service(HttpServlet.java:710)
	at org.apache.catalina.core.ApplicationFilterChain.doFilter(ApplicationFilterChain.java:128)
	at org.apache.tomcat.websocket.server.WsFilter.doFilter(WsFilter.java:53)
	at org.apache.catalina.core.ApplicationFilterChain.doFilter(ApplicationFilterChain.java:107)
	at org.springframework.web.filter.RequestContextFilter.doFilterInternal(RequestContextFilter.java:100)
	at org.springframework.web.filter.OncePerRequestFilter.doFilter(OncePerRequestFilter.java:116)
	at org.apache.catalina.core.ApplicationFilterChain.doFilter(ApplicationFilterChain.java:107)
	at org.springframework.web.filter.FormContentFilter.doFilterInternal(FormContentFilter.java:93)
	at org.springframework.web.filter.OncePerRequestFilter.doFilter(OncePerRequestFilter.java:116)
	at org.apache.catalina.core.ApplicationFilterChain.doFilter(ApplicationFilterChain.java:107)
	at org.springframework.web.filter.CharacterEncodingFilter.doFilterInternal(CharacterEncodingFilter.java:199)
	at org.springframework.web.filter.OncePerRequestFilter.doFilter(OncePerRequestFilter.java:116)
	at org.apache.catalina.core.ApplicationFilterChain.doFilter(ApplicationFilterChain.java:107)
	at org.apache.catalina.core.StandardWrapperValve.invoke(StandardWrapperValve.java:165)
	at org.apache.catalina.core.StandardContextValve.invoke(StandardContextValve.java:77)
	at org.apache.catalina.authenticator.AuthenticatorBase.invoke(AuthenticatorBase.java:492)
	at org.apache.catalina.core.StandardHostValve.invoke(StandardHostValve.java:113)
	at org.apache.catalina.valves.ErrorReportValve.invoke(ErrorReportValve.java:83)
	at org.apache.catalina.core.StandardEngineValve.invoke(StandardEngineValve.java:72)
	at org.apache.catalina.connector.CoyoteAdapter.service(CoyoteAdapter.java:341)
	at org.apache.coyote.http11.Http11Processor.service(Http11Processor.java:397)
	at org.apache.coyote.AbstractProcessorLight.process(AbstractProcessorLight.java:63)
	at org.apache.coyote.AbstractProtocol$ConnectionHandler.process(AbstractProtocol.java:1272)
	at org.apache.tomcat.util.net.NioEndpoint$SocketProcessor.doRun(NioEndpoint.java:1801)
	at org.apache.tomcat.util.net.SocketProcessorBase.run(SocketProcessorBase.java:52)
	at org.apache.tomcat.util.threads.ThreadPoolExecutor.runWorker(ThreadPoolExecutor.java:946)
	at org.apache.tomcat.util.threads.ThreadPoolExecutor$Worker.run(ThreadPoolExecutor.java:480)
	at org.apache.tomcat.util.threads.TaskThread$WrappingRunnable.run(TaskThread.java:57)
	at java.base/java.lang.Thread.run(Thread.java:1474)
2026-07-30 09:34:47.560 [http-nio-8080-exec-9] DEBUG org.hibernate.SQL - select k1_0.id,k1_0.activation_token,k1_0.email,k1_0.is_active,k1_0.password,k1_0.role_id,k1_0.username from kullanici k1_0 where k1_0.activation_token=?
2026-07-30 09:34:47.562 [http-nio-8080-exec-9] ERROR o.a.c.c.C.[.[.[.[dispatcherServlet] - Servlet.service() for servlet [dispatcherServlet] in context with path [] threw exception [Request processing failed: java.lang.RuntimeException: Geçersiz veya süresi dolmuş aktivasyon token'ı!] with root cause
java.lang.RuntimeException: Geçersiz veya süresi dolmuş aktivasyon token'ı!
	at com.example.personellistesi.service.AuthService.lambda$activateAccount$0(AuthService.java:69)
	at java.base/java.util.Optional.orElseThrow(Optional.java:403)
	at com.example.personellistesi.service.AuthService.activateAccount(AuthService.java:69)
	at com.example.personellistesi.controller.AuthController.activateAccount(AuthController.java:26)
	at java.base/jdk.internal.reflect.DirectMethodHandleAccessor.invoke(DirectMethodHandleAccessor.java:104)
	at java.base/java.lang.reflect.Method.invoke(Method.java:565)
	at org.springframework.web.method.support.InvocableHandlerMethod.doInvoke(InvocableHandlerMethod.java:252)
	at org.springframework.web.method.support.InvocableHandlerMethod.invokeForRequest(InvocableHandlerMethod.java:184)
	at org.springframework.web.servlet.mvc.method.annotation.ServletInvocableHandlerMethod.invokeAndHandle(ServletInvocableHandlerMethod.java:117)
	at org.springframework.web.servlet.mvc.method.annotation.RequestMappingHandlerAdapter.invokeHandlerMethod(RequestMappingHandlerAdapter.java:934)
	at org.springframework.web.servlet.mvc.method.annotation.RequestMappingHandlerAdapter.handleInternal(RequestMappingHandlerAdapter.java:853)
	at org.springframework.web.servlet.mvc.method.AbstractHandlerMethodAdapter.handle(AbstractHandlerMethodAdapter.java:86)
	at org.springframework.web.servlet.DispatcherServlet.doDispatch(DispatcherServlet.java:963)
	at org.springframework.web.servlet.DispatcherServlet.doService(DispatcherServlet.java:866)
	at org.springframework.web.servlet.FrameworkServlet.processRequest(FrameworkServlet.java:1000)
	at org.springframework.web.servlet.FrameworkServlet.doGet(FrameworkServlet.java:892)
	at jakarta.servlet.http.HttpServlet.service(HttpServlet.java:622)
	at org.springframework.web.servlet.FrameworkServlet.service(FrameworkServlet.java:874)
	at jakarta.servlet.http.HttpServlet.service(HttpServlet.java:710)
	at org.apache.catalina.core.ApplicationFilterChain.doFilter(ApplicationFilterChain.java:128)
	at org.apache.tomcat.websocket.server.WsFilter.doFilter(WsFilter.java:53)
	at org.apache.catalina.core.ApplicationFilterChain.doFilter(ApplicationFilterChain.java:107)
	at org.springframework.web.filter.RequestContextFilter.doFilterInternal(RequestContextFilter.java:100)
	at org.springframework.web.filter.OncePerRequestFilter.doFilter(OncePerRequestFilter.java:116)
	at org.apache.catalina.core.ApplicationFilterChain.doFilter(ApplicationFilterChain.java:107)
	at org.springframework.web.filter.FormContentFilter.doFilterInternal(FormContentFilter.java:93)
	at org.springframework.web.filter.OncePerRequestFilter.doFilter(OncePerRequestFilter.java:116)
	at org.apache.catalina.core.ApplicationFilterChain.doFilter(ApplicationFilterChain.java:107)
	at org.springframework.web.filter.CharacterEncodingFilter.doFilterInternal(CharacterEncodingFilter.java:199)
	at org.springframework.web.filter.OncePerRequestFilter.doFilter(OncePerRequestFilter.java:116)
	at org.apache.catalina.core.ApplicationFilterChain.doFilter(ApplicationFilterChain.java:107)
	at org.apache.catalina.core.StandardWrapperValve.invoke(StandardWrapperValve.java:165)
	at org.apache.catalina.core.StandardContextValve.invoke(StandardContextValve.java:77)
	at org.apache.catalina.authenticator.AuthenticatorBase.invoke(AuthenticatorBase.java:492)
	at org.apache.catalina.core.StandardHostValve.invoke(StandardHostValve.java:113)
	at org.apache.catalina.valves.ErrorReportValve.invoke(ErrorReportValve.java:83)
	at org.apache.catalina.core.StandardEngineValve.invoke(StandardEngineValve.java:72)
	at org.apache.catalina.connector.CoyoteAdapter.service(CoyoteAdapter.java:341)
	at org.apache.coyote.http11.Http11Processor.service(Http11Processor.java:397)
	at org.apache.coyote.AbstractProcessorLight.process(AbstractProcessorLight.java:63)
	at org.apache.coyote.AbstractProtocol$ConnectionHandler.process(AbstractProtocol.java:1272)
	at org.apache.tomcat.util.net.NioEndpoint$SocketProcessor.doRun(NioEndpoint.java:1801)
	at org.apache.tomcat.util.net.SocketProcessorBase.run(SocketProcessorBase.java:52)
	at org.apache.tomcat.util.threads.ThreadPoolExecutor.runWorker(ThreadPoolExecutor.java:946)
	at org.apache.tomcat.util.threads.ThreadPoolExecutor$Worker.run(ThreadPoolExecutor.java:480)
	at org.apache.tomcat.util.threads.TaskThread$WrappingRunnable.run(TaskThread.java:57)
	at java.base/java.lang.Thread.run(Thread.java:1474)
2026-07-30 09:36:16.802 [http-nio-8080-exec-2] WARN  o.s.w.s.m.s.DefaultHandlerExceptionResolver - Resolved [org.springframework.web.bind.MissingServletRequestParameterException: Required request parameter 'token' for method parameter type String is not present]
2026-07-30 09:36:38.807 [http-nio-8080-exec-4] DEBUG org.hibernate.SQL - select k1_0.id,k1_0.activation_token,k1_0.email,k1_0.is_active,k1_0.password,k1_0.role_id,k1_0.username from kullanici k1_0 where k1_0.activation_token=?
2026-07-30 09:36:38.809 [http-nio-8080-exec-4] ERROR o.a.c.c.C.[.[.[.[dispatcherServlet] - Servlet.service() for servlet [dispatcherServlet] in context with path [] threw exception [Request processing failed: java.lang.RuntimeException: Geçersiz veya süresi dolmuş aktivasyon token'ı!] with root cause
java.lang.RuntimeException: Geçersiz veya süresi dolmuş aktivasyon token'ı!
	at com.example.personellistesi.service.AuthService.lambda$activateAccount$0(AuthService.java:69)
	at java.base/java.util.Optional.orElseThrow(Optional.java:403)
	at com.example.personellistesi.service.AuthService.activateAccount(AuthService.java:69)
	at com.example.personellistesi.controller.AuthController.activateAccount(AuthController.java:26)
	at java.base/jdk.internal.reflect.DirectMethodHandleAccessor.invoke(DirectMethodHandleAccessor.java:104)
	at java.base/java.lang.reflect.Method.invoke(Method.java:565)
	at org.springframework.web.method.support.InvocableHandlerMethod.doInvoke(InvocableHandlerMethod.java:252)
	at org.springframework.web.method.support.InvocableHandlerMethod.invokeForRequest(InvocableHandlerMethod.java:184)
	at org.springframework.web.servlet.mvc.method.annotation.ServletInvocableHandlerMethod.invokeAndHandle(ServletInvocableHandlerMethod.java:117)
	at org.springframework.web.servlet.mvc.method.annotation.RequestMappingHandlerAdapter.invokeHandlerMethod(RequestMappingHandlerAdapter.java:934)
	at org.springframework.web.servlet.mvc.method.annotation.RequestMappingHandlerAdapter.handleInternal(RequestMappingHandlerAdapter.java:853)
	at org.springframework.web.servlet.mvc.method.AbstractHandlerMethodAdapter.handle(AbstractHandlerMethodAdapter.java:86)
	at org.springframework.web.servlet.DispatcherServlet.doDispatch(DispatcherServlet.java:963)
	at org.springframework.web.servlet.DispatcherServlet.doService(DispatcherServlet.java:866)
	at org.springframework.web.servlet.FrameworkServlet.processRequest(FrameworkServlet.java:1000)
	at org.springframework.web.servlet.FrameworkServlet.doGet(FrameworkServlet.java:892)
	at jakarta.servlet.http.HttpServlet.service(HttpServlet.java:622)
	at org.springframework.web.servlet.FrameworkServlet.service(FrameworkServlet.java:874)
	at jakarta.servlet.http.HttpServlet.service(HttpServlet.java:710)
	at org.apache.catalina.core.ApplicationFilterChain.doFilter(ApplicationFilterChain.java:128)
	at org.apache.tomcat.websocket.server.WsFilter.doFilter(WsFilter.java:53)
	at org.apache.catalina.core.ApplicationFilterChain.doFilter(ApplicationFilterChain.java:107)
	at org.springframework.web.filter.RequestContextFilter.doFilterInternal(RequestContextFilter.java:100)
	at org.springframework.web.filter.OncePerRequestFilter.doFilter(OncePerRequestFilter.java:116)
	at org.apache.catalina.core.ApplicationFilterChain.doFilter(ApplicationFilterChain.java:107)
	at org.springframework.web.filter.FormContentFilter.doFilterInternal(FormContentFilter.java:93)
	at org.springframework.web.filter.OncePerRequestFilter.doFilter(OncePerRequestFilter.java:116)
	at org.apache.catalina.core.ApplicationFilterChain.doFilter(ApplicationFilterChain.java:107)
	at org.springframework.web.filter.CharacterEncodingFilter.doFilterInternal(CharacterEncodingFilter.java:199)
	at org.springframework.web.filter.OncePerRequestFilter.doFilter(OncePerRequestFilter.java:116)
	at org.apache.catalina.core.ApplicationFilterChain.doFilter(ApplicationFilterChain.java:107)
	at org.apache.catalina.core.StandardWrapperValve.invoke(StandardWrapperValve.java:165)
	at org.apache.catalina.core.StandardContextValve.invoke(StandardContextValve.java:77)
	at org.apache.catalina.authenticator.AuthenticatorBase.invoke(AuthenticatorBase.java:492)
	at org.apache.catalina.core.StandardHostValve.invoke(StandardHostValve.java:113)
	at org.apache.catalina.valves.ErrorReportValve.invoke(ErrorReportValve.java:83)
	at org.apache.catalina.core.StandardEngineValve.invoke(StandardEngineValve.java:72)
	at org.apache.catalina.connector.CoyoteAdapter.service(CoyoteAdapter.java:341)
	at org.apache.coyote.http11.Http11Processor.service(Http11Processor.java:397)
	at org.apache.coyote.AbstractProcessorLight.process(AbstractProcessorLight.java:63)
	at org.apache.coyote.AbstractProtocol$ConnectionHandler.process(AbstractProtocol.java:1272)
	at org.apache.tomcat.util.net.NioEndpoint$SocketProcessor.doRun(NioEndpoint.java:1801)
	at org.apache.tomcat.util.net.SocketProcessorBase.run(SocketProcessorBase.java:52)
	at org.apache.tomcat.util.threads.ThreadPoolExecutor.runWorker(ThreadPoolExecutor.java:946)
	at org.apache.tomcat.util.threads.ThreadPoolExecutor$Worker.run(ThreadPoolExecutor.java:480)
	at org.apache.tomcat.util.threads.TaskThread$WrappingRunnable.run(TaskThread.java:57)
	at java.base/java.lang.Thread.run(Thread.java:1474)
2026-07-30 09:37:29.249 [SpringApplicationShutdownHook] INFO  o.s.boot.tomcat.GracefulShutdown - Commencing graceful shutdown. Waiting for active requests to complete
2026-07-30 09:37:29.254 [tomcat-shutdown] INFO  o.s.boot.tomcat.GracefulShutdown - Graceful shutdown complete
2026-07-30 09:37:29.257 [SpringApplicationShutdownHook] INFO  o.s.o.j.LocalContainerEntityManagerFactoryBean - Closing JPA EntityManagerFactory for persistence unit 'default'
2026-07-30 09:37:29.257 [SpringApplicationShutdownHook] INFO  com.zaxxer.hikari.HikariDataSource - HikariPool-1 - Shutdown initiated...
2026-07-30 09:37:29.258 [SpringApplicationShutdownHook] INFO  com.zaxxer.hikari.HikariDataSource - HikariPool-1 - Shutdown completed.
2026-07-30 09:37:30.278 [main] INFO  c.e.p.PersonelListesiApplication - Starting PersonelListesiApplication using Java 25 with PID 1765 (/Users/fatmanuryurdakul/Downloads/PersonelListesi/target/classes started by fatmanuryurdakul in /Users/fatmanuryurdakul/Downloads/PersonelListesi)
2026-07-30 09:37:30.279 [main] DEBUG c.e.p.PersonelListesiApplication - Running with Spring Boot v4.1.0, Spring v7.0.8
2026-07-30 09:37:30.279 [main] INFO  c.e.p.PersonelListesiApplication - No active profile set, falling back to 1 default profile: "default"
2026-07-30 09:37:30.403 [background-preinit] INFO  o.h.validator.internal.util.Version - HV000001: Hibernate Validator 9.1.0.Final
2026-07-30 09:37:30.486 [main] INFO  o.s.d.r.c.RepositoryConfigurationDelegate - Bootstrapping Spring Data JPA repositories in DEFAULT mode.
2026-07-30 09:37:30.515 [main] INFO  o.s.d.r.c.RepositoryConfigurationDelegate - Finished Spring Data repository scanning in 25 ms. Found 7 JPA repository interfaces.
2026-07-30 09:37:30.748 [main] INFO  o.s.boot.tomcat.TomcatWebServer - Tomcat initialized with port 8080 (http)
2026-07-30 09:37:30.752 [main] INFO  o.a.coyote.http11.Http11NioProtocol - Initializing ProtocolHandler ["http-nio-8080"]
2026-07-30 09:37:30.753 [main] INFO  o.a.catalina.core.StandardService - Starting service [Tomcat]
2026-07-30 09:37:30.753 [main] INFO  o.a.catalina.core.StandardEngine - Starting Servlet engine: [Apache Tomcat/11.0.22]
2026-07-30 09:37:30.766 [main] INFO  o.s.b.w.c.s.WebApplicationContextInitializer - Root WebApplicationContext: initialization completed in 470 ms
2026-07-30 09:37:30.818 [main] INFO  org.hibernate.orm.jpa - HHH008540: Processing PersistenceUnitInfo [name: default]
2026-07-30 09:37:30.834 [main] INFO  org.hibernate.orm.core - HHH000001: Hibernate ORM core version 7.4.1.Final
2026-07-30 09:37:30.950 [main] INFO  o.s.o.j.p.SpringPersistenceUnitInfo - No LoadTimeWeaver setup: ignoring JPA class transformer
2026-07-30 09:37:30.961 [main] INFO  com.zaxxer.hikari.HikariDataSource - HikariPool-1 - Starting...
2026-07-30 09:37:30.994 [main] INFO  com.zaxxer.hikari.pool.HikariPool - HikariPool-1 - Added connection org.postgresql.jdbc.PgConnection@1dd76982
2026-07-30 09:37:30.995 [main] INFO  com.zaxxer.hikari.HikariDataSource - HikariPool-1 - Start completed.
2026-07-30 09:37:31.007 [main] WARN  org.hibernate.orm.deprecation - HHH90000025: PostgreSQLDialect does not need to be specified explicitly using 'hibernate.dialect' (remove the property setting and it will be selected by default)
2026-07-30 09:37:31.015 [main] INFO  o.hibernate.orm.connections.pooling - HHH10001005: Database info:
	Database JDBC URL [jdbc:postgresql://localhost:5432/postgres]
	Database driver: PostgreSQL JDBC Driver
	Database dialect: PostgreSQLDialect
	Database version: 15.18
	Default catalog/schema: postgres/public
	Autocommit mode: undefined/unknown
	Isolation level: READ_COMMITTED [default READ_COMMITTED]
	JDBC fetch size: none
	Pool: DataSourceConnectionProvider
	Minimum pool size: undefined/unknown
	Maximum pool size: undefined/unknown
2026-07-30 09:37:31.342 [main] INFO  org.hibernate.orm.core - HHH000489: No JTA platform available (set 'hibernate.transaction.jta.platform' to enable JTA platform integration)
2026-07-30 09:37:31.386 [main] INFO  o.s.o.j.LocalContainerEntityManagerFactoryBean - Initialized JPA EntityManagerFactory for persistence unit 'default'
2026-07-30 09:37:31.410 [main] INFO  o.s.d.j.r.q.QueryEnhancerFactories - Hibernate is in classpath; If applicable, HQL parser will be used.
2026-07-30 09:37:31.532 [main] WARN  o.s.b.j.a.JpaBaseConfiguration$JpaWebConfiguration - spring.jpa.open-in-view is enabled by default. Therefore, database queries may be performed during view rendering. Explicitly configure spring.jpa.open-in-view to disable this warning
2026-07-30 09:37:31.540 [main] INFO  o.s.b.w.a.WelcomePageHandlerMapping - Adding welcome page: class path resource [static/index.html]
2026-07-30 09:37:31.694 [main] INFO  o.a.coyote.http11.Http11NioProtocol - Starting ProtocolHandler ["http-nio-8080"]
2026-07-30 09:37:31.701 [main] INFO  o.s.boot.tomcat.TomcatWebServer - Tomcat started on port 8080 (http) with context path '/'
2026-07-30 09:37:31.705 [main] INFO  c.e.p.PersonelListesiApplication - Started PersonelListesiApplication in 1.609 seconds (process running for 1.836)
2026-07-30 09:40:51.720 [http-nio-8080-exec-2] INFO  o.a.c.c.C.[Tomcat].[localhost].[/] - Initializing Spring DispatcherServlet 'dispatcherServlet'
2026-07-30 09:40:51.720 [http-nio-8080-exec-2] INFO  o.s.web.servlet.DispatcherServlet - Initializing Servlet 'dispatcherServlet'
2026-07-30 09:40:51.721 [http-nio-8080-exec-2] INFO  o.s.web.servlet.DispatcherServlet - Completed initialization in 1 ms
2026-07-30 09:40:51.851 [http-nio-8080-exec-2] DEBUG org.hibernate.SQL - select k1_0.id,k1_0.activation_token,k1_0.email,k1_0.is_active,k1_0.password,k1_0.role_id,k1_0.username from kullanici k1_0 where k1_0.activation_token=?
2026-07-30 09:40:51.858 [http-nio-8080-exec-2] ERROR o.a.c.c.C.[.[.[.[dispatcherServlet] - Servlet.service() for servlet [dispatcherServlet] in context with path [] threw exception [Request processing failed: java.lang.RuntimeException: Geçersiz veya süresi dolmuş aktivasyon token'ı!] with root cause
java.lang.RuntimeException: Geçersiz veya süresi dolmuş aktivasyon token'ı!
	at com.example.personellistesi.service.AuthService.lambda$activateAccount$0(AuthService.java:69)
	at java.base/java.util.Optional.orElseThrow(Optional.java:403)
	at com.example.personellistesi.service.AuthService.activateAccount(AuthService.java:69)
	at com.example.personellistesi.controller.AuthController.activateAccount(AuthController.java:26)
	at java.base/jdk.internal.reflect.DirectMethodHandleAccessor.invoke(DirectMethodHandleAccessor.java:104)
	at java.base/java.lang.reflect.Method.invoke(Method.java:565)
	at org.springframework.web.method.support.InvocableHandlerMethod.doInvoke(InvocableHandlerMethod.java:252)
	at org.springframework.web.method.support.InvocableHandlerMethod.invokeForRequest(InvocableHandlerMethod.java:184)
	at org.springframework.web.servlet.mvc.method.annotation.ServletInvocableHandlerMethod.invokeAndHandle(ServletInvocableHandlerMethod.java:117)
	at org.springframework.web.servlet.mvc.method.annotation.RequestMappingHandlerAdapter.invokeHandlerMethod(RequestMappingHandlerAdapter.java:934)
	at org.springframework.web.servlet.mvc.method.annotation.RequestMappingHandlerAdapter.handleInternal(RequestMappingHandlerAdapter.java:853)
	at org.springframework.web.servlet.mvc.method.AbstractHandlerMethodAdapter.handle(AbstractHandlerMethodAdapter.java:86)
	at org.springframework.web.servlet.DispatcherServlet.doDispatch(DispatcherServlet.java:963)
	at org.springframework.web.servlet.DispatcherServlet.doService(DispatcherServlet.java:866)
	at org.springframework.web.servlet.FrameworkServlet.processRequest(FrameworkServlet.java:1000)
	at org.springframework.web.servlet.FrameworkServlet.doGet(FrameworkServlet.java:892)
	at jakarta.servlet.http.HttpServlet.service(HttpServlet.java:622)
	at org.springframework.web.servlet.FrameworkServlet.service(FrameworkServlet.java:874)
	at jakarta.servlet.http.HttpServlet.service(HttpServlet.java:710)
	at org.apache.catalina.core.ApplicationFilterChain.doFilter(ApplicationFilterChain.java:128)
	at org.apache.tomcat.websocket.server.WsFilter.doFilter(WsFilter.java:53)
	at org.apache.catalina.core.ApplicationFilterChain.doFilter(ApplicationFilterChain.java:107)
	at org.springframework.web.filter.RequestContextFilter.doFilterInternal(RequestContextFilter.java:100)
	at org.springframework.web.filter.OncePerRequestFilter.doFilter(OncePerRequestFilter.java:116)
	at org.apache.catalina.core.ApplicationFilterChain.doFilter(ApplicationFilterChain.java:107)
	at org.springframework.web.filter.FormContentFilter.doFilterInternal(FormContentFilter.java:93)
	at org.springframework.web.filter.OncePerRequestFilter.doFilter(OncePerRequestFilter.java:116)
	at org.apache.catalina.core.ApplicationFilterChain.doFilter(ApplicationFilterChain.java:107)
	at org.springframework.web.filter.CharacterEncodingFilter.doFilterInternal(CharacterEncodingFilter.java:199)
	at org.springframework.web.filter.OncePerRequestFilter.doFilter(OncePerRequestFilter.java:116)
	at org.apache.catalina.core.ApplicationFilterChain.doFilter(ApplicationFilterChain.java:107)
	at org.apache.catalina.core.StandardWrapperValve.invoke(StandardWrapperValve.java:165)
	at org.apache.catalina.core.StandardContextValve.invoke(StandardContextValve.java:77)
	at org.apache.catalina.authenticator.AuthenticatorBase.invoke(AuthenticatorBase.java:492)
	at org.apache.catalina.core.StandardHostValve.invoke(StandardHostValve.java:113)
	at org.apache.catalina.valves.ErrorReportValve.invoke(ErrorReportValve.java:83)
	at org.apache.catalina.core.StandardEngineValve.invoke(StandardEngineValve.java:72)
	at org.apache.catalina.connector.CoyoteAdapter.service(CoyoteAdapter.java:341)
	at org.apache.coyote.http11.Http11Processor.service(Http11Processor.java:397)
	at org.apache.coyote.AbstractProcessorLight.process(AbstractProcessorLight.java:63)
	at org.apache.coyote.AbstractProtocol$ConnectionHandler.process(AbstractProtocol.java:1272)
	at org.apache.tomcat.util.net.NioEndpoint$SocketProcessor.doRun(NioEndpoint.java:1801)
	at org.apache.tomcat.util.net.SocketProcessorBase.run(SocketProcessorBase.java:52)
	at org.apache.tomcat.util.threads.ThreadPoolExecutor.runWorker(ThreadPoolExecutor.java:946)
	at org.apache.tomcat.util.threads.ThreadPoolExecutor$Worker.run(ThreadPoolExecutor.java:480)
	at org.apache.tomcat.util.threads.TaskThread$WrappingRunnable.run(TaskThread.java:57)
	at java.base/java.lang.Thread.run(Thread.java:1474)
2026-07-30 09:41:00.999 [http-nio-8080-exec-4] WARN  o.s.w.s.m.s.DefaultHandlerExceptionResolver - Resolved [org.springframework.web.bind.MissingServletRequestParameterException: Required request parameter 'token' for method parameter type String is not present]
2026-07-30 09:41:18.296 [http-nio-8080-exec-6] DEBUG org.hibernate.SQL - select r1_0.id,r1_0.name from roles r1_0 where r1_0.name=?
2026-07-30 09:41:18.314 [http-nio-8080-exec-6] DEBUG org.hibernate.SQL - insert into kullanici (activation_token,email,is_active,password,role_id,username,id) values (?,?,?,?,?,?,?)
2026-07-30 09:41:18.318 [http-nio-8080-exec-6] WARN  org.hibernate.orm.jdbc.error - HHH000247: ErrorCode: 0, SQLState: 23505
2026-07-30 09:41:18.318 [http-nio-8080-exec-6] WARN  org.hibernate.orm.jdbc.error - ERROR: duplicate key value violates unique constraint "kullanici_email_key"
  Ayrıntı: Key (email)=(ornek@mail.com) already exists.
2026-07-30 09:41:18.322 [http-nio-8080-exec-6] ERROR o.a.c.c.C.[.[.[.[dispatcherServlet] - Servlet.service() for servlet [dispatcherServlet] in context with path [] threw exception [Request processing failed: org.springframework.dao.DataIntegrityViolationException: could not execute statement [ERROR: duplicate key value violates unique constraint "kullanici_email_key"
  Ayrıntı: Key (email)=(ornek@mail.com) already exists.] [insert into kullanici (activation_token,email,is_active,password,role_id,username,id) values (?,?,?,?,?,?,?)]; SQL [insert into kullanici (activation_token,email,is_active,password,role_id,username,id) values (?,?,?,?,?,?,?)]; constraint [kullanici_email_key]] with root cause
org.postgresql.util.PSQLException: ERROR: duplicate key value violates unique constraint "kullanici_email_key"
  Ayrıntı: Key (email)=(ornek@mail.com) already exists.
	at org.postgresql.core.v3.QueryExecutorImpl.receiveErrorResponse(QueryExecutorImpl.java:2904)
	at org.postgresql.core.v3.QueryExecutorImpl.processResults(QueryExecutorImpl.java:2589)
	at org.postgresql.core.v3.QueryExecutorImpl.execute(QueryExecutorImpl.java:431)
	at org.postgresql.jdbc.PgStatement.executeInternal(PgStatement.java:534)
	at org.postgresql.jdbc.PgStatement.execute(PgStatement.java:437)
	at org.postgresql.jdbc.PgPreparedStatement.executeWithFlags(PgPreparedStatement.java:196)
	at org.postgresql.jdbc.PgPreparedStatement.executeUpdate(PgPreparedStatement.java:157)
	at com.zaxxer.hikari.pool.ProxyPreparedStatement.executeUpdate(ProxyPreparedStatement.java:61)
	at com.zaxxer.hikari.pool.HikariProxyPreparedStatement.executeUpdate(HikariProxyPreparedStatement.java)
	at org.hibernate.engine.jdbc.internal.ResultSetReturnImpl.executeUpdate(ResultSetReturnImpl.java:185)
	at org.hibernate.engine.jdbc.mutation.internal.AbstractMutationExecutor.performNonBatchedMutation(AbstractMutationExecutor.java:145)
	at org.hibernate.engine.jdbc.mutation.internal.MutationExecutorSingleNonBatched.performNonBatchedOperations(MutationExecutorSingleNonBatched.java:53)
	at org.hibernate.engine.jdbc.mutation.internal.AbstractMutationExecutor.execute(AbstractMutationExecutor.java:65)
	at org.hibernate.engine.jdbc.mutation.internal.AbstractMutationExecutor.execute(AbstractMutationExecutor.java:54)
	at org.hibernate.persister.entity.mutation.InsertCoordinatorStandard.doStaticInserts(InsertCoordinatorStandard.java:183)
	at org.hibernate.persister.entity.mutation.InsertCoordinatorStandard.coordinateInsert(InsertCoordinatorStandard.java:123)
	at org.hibernate.persister.entity.mutation.InsertCoordinatorStandard.insert(InsertCoordinatorStandard.java:96)
	at org.hibernate.action.internal.EntityInsertAction.execute(EntityInsertAction.java:108)
	at org.hibernate.engine.spi.ActionQueue.executeActions(ActionQueue.java:634)
	at org.hibernate.engine.spi.ActionQueue.executeActions(ActionQueue.java:505)
	at org.hibernate.event.internal.AbstractFlushingEventListener.performExecutions(AbstractFlushingEventListener.java:381)
	at org.hibernate.event.internal.DefaultFlushEventListener.onFlush(DefaultFlushEventListener.java:40)
	at org.hibernate.event.service.internal.EventListenerGroupImpl.fireEventOnEachListener(EventListenerGroupImpl.java:138)
	at org.hibernate.internal.SessionImpl.fireFlush(SessionImpl.java:1458)
	at org.hibernate.internal.SessionImpl.managedFlush(SessionImpl.java:484)
	at org.hibernate.internal.SessionImpl.flushBeforeTransactionCompletion(SessionImpl.java:2086)
	at org.hibernate.internal.SessionImpl.beforeTransactionCompletion(SessionImpl.java:2007)
	at org.hibernate.engine.jdbc.internal.JdbcCoordinatorImpl.beforeTransactionCompletion(JdbcCoordinatorImpl.java:426)
	at org.hibernate.resource.transaction.backend.jdbc.internal.JdbcResourceLocalTransactionCoordinatorImpl.beforeCompletionCallback(JdbcResourceLocalTransactionCoordinatorImpl.java:167)
	at org.hibernate.resource.transaction.backend.jdbc.internal.JdbcResourceLocalTransactionCoordinatorImpl$TransactionDriverControlImpl.commitNoRollbackOnly(JdbcResourceLocalTransactionCoordinatorImpl.java:252)
	at org.hibernate.resource.transaction.backend.jdbc.internal.JdbcResourceLocalTransactionCoordinatorImpl$TransactionDriverControlImpl.commit(JdbcResourceLocalTransactionCoordinatorImpl.java:242)
	at org.hibernate.engine.transaction.internal.TransactionImpl.commit(TransactionImpl.java:89)
	at org.springframework.orm.jpa.JpaTransactionManager.doCommit(JpaTransactionManager.java:552)
	at org.springframework.transaction.support.AbstractPlatformTransactionManager.processCommit(AbstractPlatformTransactionManager.java:794)
	at org.springframework.transaction.support.AbstractPlatformTransactionManager.commit(AbstractPlatformTransactionManager.java:757)
	at org.springframework.transaction.interceptor.TransactionAspectSupport.commitTransactionAfterReturning(TransactionAspectSupport.java:687)
	at org.springframework.transaction.interceptor.TransactionAspectSupport.invokeWithinTransaction(TransactionAspectSupport.java:408)
	at org.springframework.transaction.interceptor.TransactionInterceptor.invoke(TransactionInterceptor.java:130)
	at org.springframework.aop.framework.ReflectiveMethodInvocation.proceed(ReflectiveMethodInvocation.java:179)
	at org.springframework.dao.support.PersistenceExceptionTranslationInterceptor.invoke(PersistenceExceptionTranslationInterceptor.java:135)
	at org.springframework.aop.framework.ReflectiveMethodInvocation.proceed(ReflectiveMethodInvocation.java:179)
	at org.springframework.data.jpa.repository.support.CrudMethodMetadataPostProcessor$CrudMethodMetadataPopulatingMethodInterceptor.invoke(CrudMethodMetadataPostProcessor.java:166)
	at org.springframework.aop.framework.ReflectiveMethodInvocation.proceed(ReflectiveMethodInvocation.java:179)
	at org.springframework.aop.framework.JdkDynamicAopProxy.invoke(JdkDynamicAopProxy.java:222)
	at jdk.proxy2/jdk.proxy2.$Proxy139.save(Unknown Source)
	at com.example.personellistesi.service.AuthService.registerUser(AuthService.java:46)
	at com.example.personellistesi.controller.AuthController.register(AuthController.java:19)
	at java.base/jdk.internal.reflect.DirectMethodHandleAccessor.invoke(DirectMethodHandleAccessor.java:104)
	at java.base/java.lang.reflect.Method.invoke(Method.java:565)
	at org.springframework.web.method.support.InvocableHandlerMethod.doInvoke(InvocableHandlerMethod.java:252)
	at org.springframework.web.method.support.InvocableHandlerMethod.invokeForRequest(InvocableHandlerMethod.java:184)
	at org.springframework.web.servlet.mvc.method.annotation.ServletInvocableHandlerMethod.invokeAndHandle(ServletInvocableHandlerMethod.java:117)
	at org.springframework.web.servlet.mvc.method.annotation.RequestMappingHandlerAdapter.invokeHandlerMethod(RequestMappingHandlerAdapter.java:934)
	at org.springframework.web.servlet.mvc.method.annotation.RequestMappingHandlerAdapter.handleInternal(RequestMappingHandlerAdapter.java:853)
	at org.springframework.web.servlet.mvc.method.AbstractHandlerMethodAdapter.handle(AbstractHandlerMethodAdapter.java:86)
	at org.springframework.web.servlet.DispatcherServlet.doDispatch(DispatcherServlet.java:963)
	at org.springframework.web.servlet.DispatcherServlet.doService(DispatcherServlet.java:866)
	at org.springframework.web.servlet.FrameworkServlet.processRequest(FrameworkServlet.java:1000)
	at org.springframework.web.servlet.FrameworkServlet.doPost(FrameworkServlet.java:903)
	at jakarta.servlet.http.HttpServlet.service(HttpServlet.java:649)
	at org.springframework.web.servlet.FrameworkServlet.service(FrameworkServlet.java:874)
	at jakarta.servlet.http.HttpServlet.service(HttpServlet.java:710)
	at org.apache.catalina.core.ApplicationFilterChain.doFilter(ApplicationFilterChain.java:128)
	at org.apache.tomcat.websocket.server.WsFilter.doFilter(WsFilter.java:53)
	at org.apache.catalina.core.ApplicationFilterChain.doFilter(ApplicationFilterChain.java:107)
	at org.springframework.web.filter.RequestContextFilter.doFilterInternal(RequestContextFilter.java:100)
	at org.springframework.web.filter.OncePerRequestFilter.doFilter(OncePerRequestFilter.java:116)
	at org.apache.catalina.core.ApplicationFilterChain.doFilter(ApplicationFilterChain.java:107)
	at org.springframework.web.filter.FormContentFilter.doFilterInternal(FormContentFilter.java:93)
	at org.springframework.web.filter.OncePerRequestFilter.doFilter(OncePerRequestFilter.java:116)
	at org.apache.catalina.core.ApplicationFilterChain.doFilter(ApplicationFilterChain.java:107)
	at org.springframework.web.filter.CharacterEncodingFilter.doFilterInternal(CharacterEncodingFilter.java:199)
	at org.springframework.web.filter.OncePerRequestFilter.doFilter(OncePerRequestFilter.java:116)
	at org.apache.catalina.core.ApplicationFilterChain.doFilter(ApplicationFilterChain.java:107)
	at org.apache.catalina.core.StandardWrapperValve.invoke(StandardWrapperValve.java:165)
	at org.apache.catalina.core.StandardContextValve.invoke(StandardContextValve.java:77)
	at org.apache.catalina.authenticator.AuthenticatorBase.invoke(AuthenticatorBase.java:492)
	at org.apache.catalina.core.StandardHostValve.invoke(StandardHostValve.java:113)
	at org.apache.catalina.valves.ErrorReportValve.invoke(ErrorReportValve.java:83)
	at org.apache.catalina.core.StandardEngineValve.invoke(StandardEngineValve.java:72)
	at org.apache.catalina.connector.CoyoteAdapter.service(CoyoteAdapter.java:341)
	at org.apache.coyote.http11.Http11Processor.service(Http11Processor.java:397)
	at org.apache.coyote.AbstractProcessorLight.process(AbstractProcessorLight.java:63)
	at org.apache.coyote.AbstractProtocol$ConnectionHandler.process(AbstractProtocol.java:1272)
	at org.apache.tomcat.util.net.NioEndpoint$SocketProcessor.doRun(NioEndpoint.java:1801)
	at org.apache.tomcat.util.net.SocketProcessorBase.run(SocketProcessorBase.java:52)
	at org.apache.tomcat.util.threads.ThreadPoolExecutor.runWorker(ThreadPoolExecutor.java:946)
	at org.apache.tomcat.util.threads.ThreadPoolExecutor$Worker.run(ThreadPoolExecutor.java:480)
	at org.apache.tomcat.util.threads.TaskThread$WrappingRunnable.run(TaskThread.java:57)
	at java.base/java.lang.Thread.run(Thread.java:1474)
2026-07-30 09:41:19.682 [http-nio-8080-exec-8] DEBUG org.hibernate.SQL - select r1_0.id,r1_0.name from roles r1_0 where r1_0.name=?
2026-07-30 09:41:19.685 [http-nio-8080-exec-8] DEBUG org.hibernate.SQL - insert into kullanici (activation_token,email,is_active,password,role_id,username,id) values (?,?,?,?,?,?,?)
2026-07-30 09:41:19.686 [http-nio-8080-exec-8] WARN  org.hibernate.orm.jdbc.error - HHH000247: ErrorCode: 0, SQLState: 23505
2026-07-30 09:41:19.686 [http-nio-8080-exec-8] WARN  org.hibernate.orm.jdbc.error - ERROR: duplicate key value violates unique constraint "kullanici_email_key"
  Ayrıntı: Key (email)=(ornek@mail.com) already exists.
2026-07-30 09:41:19.688 [http-nio-8080-exec-8] ERROR o.a.c.c.C.[.[.[.[dispatcherServlet] - Servlet.service() for servlet [dispatcherServlet] in context with path [] threw exception [Request processing failed: org.springframework.dao.DataIntegrityViolationException: could not execute statement [ERROR: duplicate key value violates unique constraint "kullanici_email_key"
  Ayrıntı: Key (email)=(ornek@mail.com) already exists.] [insert into kullanici (activation_token,email,is_active,password,role_id,username,id) values (?,?,?,?,?,?,?)]; SQL [insert into kullanici (activation_token,email,is_active,password,role_id,username,id) values (?,?,?,?,?,?,?)]; constraint [kullanici_email_key]] with root cause
org.postgresql.util.PSQLException: ERROR: duplicate key value violates unique constraint "kullanici_email_key"
  Ayrıntı: Key (email)=(ornek@mail.com) already exists.
	at org.postgresql.core.v3.QueryExecutorImpl.receiveErrorResponse(QueryExecutorImpl.java:2904)
	at org.postgresql.core.v3.QueryExecutorImpl.processResults(QueryExecutorImpl.java:2589)
	at org.postgresql.core.v3.QueryExecutorImpl.execute(QueryExecutorImpl.java:431)
	at org.postgresql.jdbc.PgStatement.executeInternal(PgStatement.java:534)
	at org.postgresql.jdbc.PgStatement.execute(PgStatement.java:437)
	at org.postgresql.jdbc.PgPreparedStatement.executeWithFlags(PgPreparedStatement.java:196)
	at org.postgresql.jdbc.PgPreparedStatement.executeUpdate(PgPreparedStatement.java:157)
	at com.zaxxer.hikari.pool.ProxyPreparedStatement.executeUpdate(ProxyPreparedStatement.java:61)
	at com.zaxxer.hikari.pool.HikariProxyPreparedStatement.executeUpdate(HikariProxyPreparedStatement.java)
	at org.hibernate.engine.jdbc.internal.ResultSetReturnImpl.executeUpdate(ResultSetReturnImpl.java:185)
	at org.hibernate.engine.jdbc.mutation.internal.AbstractMutationExecutor.performNonBatchedMutation(AbstractMutationExecutor.java:145)
	at org.hibernate.engine.jdbc.mutation.internal.MutationExecutorSingleNonBatched.performNonBatchedOperations(MutationExecutorSingleNonBatched.java:53)
	at org.hibernate.engine.jdbc.mutation.internal.AbstractMutationExecutor.execute(AbstractMutationExecutor.java:65)
	at org.hibernate.engine.jdbc.mutation.internal.AbstractMutationExecutor.execute(AbstractMutationExecutor.java:54)
	at org.hibernate.persister.entity.mutation.InsertCoordinatorStandard.doStaticInserts(InsertCoordinatorStandard.java:183)
	at org.hibernate.persister.entity.mutation.InsertCoordinatorStandard.coordinateInsert(InsertCoordinatorStandard.java:123)
	at org.hibernate.persister.entity.mutation.InsertCoordinatorStandard.insert(InsertCoordinatorStandard.java:96)
	at org.hibernate.action.internal.EntityInsertAction.execute(EntityInsertAction.java:108)
	at org.hibernate.engine.spi.ActionQueue.executeActions(ActionQueue.java:634)
	at org.hibernate.engine.spi.ActionQueue.executeActions(ActionQueue.java:505)
	at org.hibernate.event.internal.AbstractFlushingEventListener.performExecutions(AbstractFlushingEventListener.java:381)
	at org.hibernate.event.internal.DefaultFlushEventListener.onFlush(DefaultFlushEventListener.java:40)
	at org.hibernate.event.service.internal.EventListenerGroupImpl.fireEventOnEachListener(EventListenerGroupImpl.java:138)
	at org.hibernate.internal.SessionImpl.fireFlush(SessionImpl.java:1458)
	at org.hibernate.internal.SessionImpl.managedFlush(SessionImpl.java:484)
	at org.hibernate.internal.SessionImpl.flushBeforeTransactionCompletion(SessionImpl.java:2086)
	at org.hibernate.internal.SessionImpl.beforeTransactionCompletion(SessionImpl.java:2007)
	at org.hibernate.engine.jdbc.internal.JdbcCoordinatorImpl.beforeTransactionCompletion(JdbcCoordinatorImpl.java:426)
	at org.hibernate.resource.transaction.backend.jdbc.internal.JdbcResourceLocalTransactionCoordinatorImpl.beforeCompletionCallback(JdbcResourceLocalTransactionCoordinatorImpl.java:167)
	at org.hibernate.resource.transaction.backend.jdbc.internal.JdbcResourceLocalTransactionCoordinatorImpl$TransactionDriverControlImpl.commitNoRollbackOnly(JdbcResourceLocalTransactionCoordinatorImpl.java:252)
	at org.hibernate.resource.transaction.backend.jdbc.internal.JdbcResourceLocalTransactionCoordinatorImpl$TransactionDriverControlImpl.commit(JdbcResourceLocalTransactionCoordinatorImpl.java:242)
	at org.hibernate.engine.transaction.internal.TransactionImpl.commit(TransactionImpl.java:89)
	at org.springframework.orm.jpa.JpaTransactionManager.doCommit(JpaTransactionManager.java:552)
	at org.springframework.transaction.support.AbstractPlatformTransactionManager.processCommit(AbstractPlatformTransactionManager.java:794)
	at org.springframework.transaction.support.AbstractPlatformTransactionManager.commit(AbstractPlatformTransactionManager.java:757)
	at org.springframework.transaction.interceptor.TransactionAspectSupport.commitTransactionAfterReturning(TransactionAspectSupport.java:687)
	at org.springframework.transaction.interceptor.TransactionAspectSupport.invokeWithinTransaction(TransactionAspectSupport.java:408)
	at org.springframework.transaction.interceptor.TransactionInterceptor.invoke(TransactionInterceptor.java:130)
	at org.springframework.aop.framework.ReflectiveMethodInvocation.proceed(ReflectiveMethodInvocation.java:179)
	at org.springframework.dao.support.PersistenceExceptionTranslationInterceptor.invoke(PersistenceExceptionTranslationInterceptor.java:135)
	at org.springframework.aop.framework.ReflectiveMethodInvocation.proceed(ReflectiveMethodInvocation.java:179)
	at org.springframework.data.jpa.repository.support.CrudMethodMetadataPostProcessor$CrudMethodMetadataPopulatingMethodInterceptor.invoke(CrudMethodMetadataPostProcessor.java:166)
	at org.springframework.aop.framework.ReflectiveMethodInvocation.proceed(ReflectiveMethodInvocation.java:179)
	at org.springframework.aop.framework.JdkDynamicAopProxy.invoke(JdkDynamicAopProxy.java:222)
	at jdk.proxy2/jdk.proxy2.$Proxy139.save(Unknown Source)
	at com.example.personellistesi.service.AuthService.registerUser(AuthService.java:46)
	at com.example.personellistesi.controller.AuthController.register(AuthController.java:19)
	at java.base/jdk.internal.reflect.DirectMethodHandleAccessor.invoke(DirectMethodHandleAccessor.java:104)
	at java.base/java.lang.reflect.Method.invoke(Method.java:565)
	at org.springframework.web.method.support.InvocableHandlerMethod.doInvoke(InvocableHandlerMethod.java:252)
	at org.springframework.web.method.support.InvocableHandlerMethod.invokeForRequest(InvocableHandlerMethod.java:184)
	at org.springframework.web.servlet.mvc.method.annotation.ServletInvocableHandlerMethod.invokeAndHandle(ServletInvocableHandlerMethod.java:117)
	at org.springframework.web.servlet.mvc.method.annotation.RequestMappingHandlerAdapter.invokeHandlerMethod(RequestMappingHandlerAdapter.java:934)
	at org.springframework.web.servlet.mvc.method.annotation.RequestMappingHandlerAdapter.handleInternal(RequestMappingHandlerAdapter.java:853)
	at org.springframework.web.servlet.mvc.method.AbstractHandlerMethodAdapter.handle(AbstractHandlerMethodAdapter.java:86)
	at org.springframework.web.servlet.DispatcherServlet.doDispatch(DispatcherServlet.java:963)
	at org.springframework.web.servlet.DispatcherServlet.doService(DispatcherServlet.java:866)
	at org.springframework.web.servlet.FrameworkServlet.processRequest(FrameworkServlet.java:1000)
	at org.springframework.web.servlet.FrameworkServlet.doPost(FrameworkServlet.java:903)
	at jakarta.servlet.http.HttpServlet.service(HttpServlet.java:649)
	at org.springframework.web.servlet.FrameworkServlet.service(FrameworkServlet.java:874)
	at jakarta.servlet.http.HttpServlet.service(HttpServlet.java:710)
	at org.apache.catalina.core.ApplicationFilterChain.doFilter(ApplicationFilterChain.java:128)
	at org.apache.tomcat.websocket.server.WsFilter.doFilter(WsFilter.java:53)
	at org.apache.catalina.core.ApplicationFilterChain.doFilter(ApplicationFilterChain.java:107)
	at org.springframework.web.filter.RequestContextFilter.doFilterInternal(RequestContextFilter.java:100)
	at org.springframework.web.filter.OncePerRequestFilter.doFilter(OncePerRequestFilter.java:116)
	at org.apache.catalina.core.ApplicationFilterChain.doFilter(ApplicationFilterChain.java:107)
	at org.springframework.web.filter.FormContentFilter.doFilterInternal(FormContentFilter.java:93)
	at org.springframework.web.filter.OncePerRequestFilter.doFilter(OncePerRequestFilter.java:116)
	at org.apache.catalina.core.ApplicationFilterChain.doFilter(ApplicationFilterChain.java:107)
	at org.springframework.web.filter.CharacterEncodingFilter.doFilterInternal(CharacterEncodingFilter.java:199)
	at org.springframework.web.filter.OncePerRequestFilter.doFilter(OncePerRequestFilter.java:116)
	at org.apache.catalina.core.ApplicationFilterChain.doFilter(ApplicationFilterChain.java:107)
	at org.apache.catalina.core.StandardWrapperValve.invoke(StandardWrapperValve.java:165)
	at org.apache.catalina.core.StandardContextValve.invoke(StandardContextValve.java:77)
	at org.apache.catalina.authenticator.AuthenticatorBase.invoke(AuthenticatorBase.java:492)
	at org.apache.catalina.core.StandardHostValve.invoke(StandardHostValve.java:113)
	at org.apache.catalina.valves.ErrorReportValve.invoke(ErrorReportValve.java:83)
	at org.apache.catalina.core.StandardEngineValve.invoke(StandardEngineValve.java:72)
	at org.apache.catalina.connector.CoyoteAdapter.service(CoyoteAdapter.java:341)
	at org.apache.coyote.http11.Http11Processor.service(Http11Processor.java:397)
	at org.apache.coyote.AbstractProcessorLight.process(AbstractProcessorLight.java:63)
	at org.apache.coyote.AbstractProtocol$ConnectionHandler.process(AbstractProtocol.java:1272)
	at org.apache.tomcat.util.net.NioEndpoint$SocketProcessor.doRun(NioEndpoint.java:1801)
	at org.apache.tomcat.util.net.SocketProcessorBase.run(SocketProcessorBase.java:52)
	at org.apache.tomcat.util.threads.ThreadPoolExecutor.runWorker(ThreadPoolExecutor.java:946)
	at org.apache.tomcat.util.threads.ThreadPoolExecutor$Worker.run(ThreadPoolExecutor.java:480)
	at org.apache.tomcat.util.threads.TaskThread$WrappingRunnable.run(TaskThread.java:57)
	at java.base/java.lang.Thread.run(Thread.java:1474)
2026-07-30 09:41:27.792 [http-nio-8080-exec-10] DEBUG org.hibernate.SQL - select r1_0.id,r1_0.name from roles r1_0 where r1_0.name=?
2026-07-30 09:41:27.796 [http-nio-8080-exec-10] DEBUG org.hibernate.SQL - insert into kullanici (activation_token,email,is_active,password,role_id,username,id) values (?,?,?,?,?,?,?)
2026-07-30 09:41:27.798 [http-nio-8080-exec-10] WARN  org.hibernate.orm.jdbc.error - HHH000247: ErrorCode: 0, SQLState: 23505
2026-07-30 09:41:27.798 [http-nio-8080-exec-10] WARN  org.hibernate.orm.jdbc.error - ERROR: duplicate key value violates unique constraint "kullanici_email_key"
  Ayrıntı: Key (email)=(ornek@mail.com) already exists.
2026-07-30 09:41:27.800 [http-nio-8080-exec-10] ERROR o.a.c.c.C.[.[.[.[dispatcherServlet] - Servlet.service() for servlet [dispatcherServlet] in context with path [] threw exception [Request processing failed: org.springframework.dao.DataIntegrityViolationException: could not execute statement [ERROR: duplicate key value violates unique constraint "kullanici_email_key"
  Ayrıntı: Key (email)=(ornek@mail.com) already exists.] [insert into kullanici (activation_token,email,is_active,password,role_id,username,id) values (?,?,?,?,?,?,?)]; SQL [insert into kullanici (activation_token,email,is_active,password,role_id,username,id) values (?,?,?,?,?,?,?)]; constraint [kullanici_email_key]] with root cause
org.postgresql.util.PSQLException: ERROR: duplicate key value violates unique constraint "kullanici_email_key"
  Ayrıntı: Key (email)=(ornek@mail.com) already exists.
	at org.postgresql.core.v3.QueryExecutorImpl.receiveErrorResponse(QueryExecutorImpl.java:2904)
	at org.postgresql.core.v3.QueryExecutorImpl.processResults(QueryExecutorImpl.java:2589)
	at org.postgresql.core.v3.QueryExecutorImpl.execute(QueryExecutorImpl.java:431)
	at org.postgresql.jdbc.PgStatement.executeInternal(PgStatement.java:534)
	at org.postgresql.jdbc.PgStatement.execute(PgStatement.java:437)
	at org.postgresql.jdbc.PgPreparedStatement.executeWithFlags(PgPreparedStatement.java:196)
	at org.postgresql.jdbc.PgPreparedStatement.executeUpdate(PgPreparedStatement.java:157)
	at com.zaxxer.hikari.pool.ProxyPreparedStatement.executeUpdate(ProxyPreparedStatement.java:61)
	at com.zaxxer.hikari.pool.HikariProxyPreparedStatement.executeUpdate(HikariProxyPreparedStatement.java)
	at org.hibernate.engine.jdbc.internal.ResultSetReturnImpl.executeUpdate(ResultSetReturnImpl.java:185)
	at org.hibernate.engine.jdbc.mutation.internal.AbstractMutationExecutor.performNonBatchedMutation(AbstractMutationExecutor.java:145)
	at org.hibernate.engine.jdbc.mutation.internal.MutationExecutorSingleNonBatched.performNonBatchedOperations(MutationExecutorSingleNonBatched.java:53)
	at org.hibernate.engine.jdbc.mutation.internal.AbstractMutationExecutor.execute(AbstractMutationExecutor.java:65)
	at org.hibernate.engine.jdbc.mutation.internal.AbstractMutationExecutor.execute(AbstractMutationExecutor.java:54)
	at org.hibernate.persister.entity.mutation.InsertCoordinatorStandard.doStaticInserts(InsertCoordinatorStandard.java:183)
	at org.hibernate.persister.entity.mutation.InsertCoordinatorStandard.coordinateInsert(InsertCoordinatorStandard.java:123)
	at org.hibernate.persister.entity.mutation.InsertCoordinatorStandard.insert(InsertCoordinatorStandard.java:96)
	at org.hibernate.action.internal.EntityInsertAction.execute(EntityInsertAction.java:108)
	at org.hibernate.engine.spi.ActionQueue.executeActions(ActionQueue.java:634)
	at org.hibernate.engine.spi.ActionQueue.executeActions(ActionQueue.java:505)
	at org.hibernate.event.internal.AbstractFlushingEventListener.performExecutions(AbstractFlushingEventListener.java:381)
	at org.hibernate.event.internal.DefaultFlushEventListener.onFlush(DefaultFlushEventListener.java:40)
	at org.hibernate.event.service.internal.EventListenerGroupImpl.fireEventOnEachListener(EventListenerGroupImpl.java:138)
	at org.hibernate.internal.SessionImpl.fireFlush(SessionImpl.java:1458)
	at org.hibernate.internal.SessionImpl.managedFlush(SessionImpl.java:484)
	at org.hibernate.internal.SessionImpl.flushBeforeTransactionCompletion(SessionImpl.java:2086)
	at org.hibernate.internal.SessionImpl.beforeTransactionCompletion(SessionImpl.java:2007)
	at org.hibernate.engine.jdbc.internal.JdbcCoordinatorImpl.beforeTransactionCompletion(JdbcCoordinatorImpl.java:426)
	at org.hibernate.resource.transaction.backend.jdbc.internal.JdbcResourceLocalTransactionCoordinatorImpl.beforeCompletionCallback(JdbcResourceLocalTransactionCoordinatorImpl.java:167)
	at org.hibernate.resource.transaction.backend.jdbc.internal.JdbcResourceLocalTransactionCoordinatorImpl$TransactionDriverControlImpl.commitNoRollbackOnly(JdbcResourceLocalTransactionCoordinatorImpl.java:252)
	at org.hibernate.resource.transaction.backend.jdbc.internal.JdbcResourceLocalTransactionCoordinatorImpl$TransactionDriverControlImpl.commit(JdbcResourceLocalTransactionCoordinatorImpl.java:242)
	at org.hibernate.engine.transaction.internal.TransactionImpl.commit(TransactionImpl.java:89)
	at org.springframework.orm.jpa.JpaTransactionManager.doCommit(JpaTransactionManager.java:552)
	at org.springframework.transaction.support.AbstractPlatformTransactionManager.processCommit(AbstractPlatformTransactionManager.java:794)
	at org.springframework.transaction.support.AbstractPlatformTransactionManager.commit(AbstractPlatformTransactionManager.java:757)
	at org.springframework.transaction.interceptor.TransactionAspectSupport.commitTransactionAfterReturning(TransactionAspectSupport.java:687)
	at org.springframework.transaction.interceptor.TransactionAspectSupport.invokeWithinTransaction(TransactionAspectSupport.java:408)
	at org.springframework.transaction.interceptor.TransactionInterceptor.invoke(TransactionInterceptor.java:130)
	at org.springframework.aop.framework.ReflectiveMethodInvocation.proceed(ReflectiveMethodInvocation.java:179)
	at org.springframework.dao.support.PersistenceExceptionTranslationInterceptor.invoke(PersistenceExceptionTranslationInterceptor.java:135)
	at org.springframework.aop.framework.ReflectiveMethodInvocation.proceed(ReflectiveMethodInvocation.java:179)
	at org.springframework.data.jpa.repository.support.CrudMethodMetadataPostProcessor$CrudMethodMetadataPopulatingMethodInterceptor.invoke(CrudMethodMetadataPostProcessor.java:166)
	at org.springframework.aop.framework.ReflectiveMethodInvocation.proceed(ReflectiveMethodInvocation.java:179)
	at org.springframework.aop.framework.JdkDynamicAopProxy.invoke(JdkDynamicAopProxy.java:222)
	at jdk.proxy2/jdk.proxy2.$Proxy139.save(Unknown Source)
	at com.example.personellistesi.service.AuthService.registerUser(AuthService.java:46)
	at com.example.personellistesi.controller.AuthController.register(AuthController.java:19)
	at java.base/jdk.internal.reflect.DirectMethodHandleAccessor.invoke(DirectMethodHandleAccessor.java:104)
	at java.base/java.lang.reflect.Method.invoke(Method.java:565)
	at org.springframework.web.method.support.InvocableHandlerMethod.doInvoke(InvocableHandlerMethod.java:252)
	at org.springframework.web.method.support.InvocableHandlerMethod.invokeForRequest(InvocableHandlerMethod.java:184)
	at org.springframework.web.servlet.mvc.method.annotation.ServletInvocableHandlerMethod.invokeAndHandle(ServletInvocableHandlerMethod.java:117)
	at org.springframework.web.servlet.mvc.method.annotation.RequestMappingHandlerAdapter.invokeHandlerMethod(RequestMappingHandlerAdapter.java:934)
	at org.springframework.web.servlet.mvc.method.annotation.RequestMappingHandlerAdapter.handleInternal(RequestMappingHandlerAdapter.java:853)
	at org.springframework.web.servlet.mvc.method.AbstractHandlerMethodAdapter.handle(AbstractHandlerMethodAdapter.java:86)
	at org.springframework.web.servlet.DispatcherServlet.doDispatch(DispatcherServlet.java:963)
	at org.springframework.web.servlet.DispatcherServlet.doService(DispatcherServlet.java:866)
	at org.springframework.web.servlet.FrameworkServlet.processRequest(FrameworkServlet.java:1000)
	at org.springframework.web.servlet.FrameworkServlet.doPost(FrameworkServlet.java:903)
	at jakarta.servlet.http.HttpServlet.service(HttpServlet.java:649)
	at org.springframework.web.servlet.FrameworkServlet.service(FrameworkServlet.java:874)
	at jakarta.servlet.http.HttpServlet.service(HttpServlet.java:710)
	at org.apache.catalina.core.ApplicationFilterChain.doFilter(ApplicationFilterChain.java:128)
	at org.apache.tomcat.websocket.server.WsFilter.doFilter(WsFilter.java:53)
	at org.apache.catalina.core.ApplicationFilterChain.doFilter(ApplicationFilterChain.java:107)
	at org.springframework.web.filter.RequestContextFilter.doFilterInternal(RequestContextFilter.java:100)
	at org.springframework.web.filter.OncePerRequestFilter.doFilter(OncePerRequestFilter.java:116)
	at org.apache.catalina.core.ApplicationFilterChain.doFilter(ApplicationFilterChain.java:107)
	at org.springframework.web.filter.FormContentFilter.doFilterInternal(FormContentFilter.java:93)
	at org.springframework.web.filter.OncePerRequestFilter.doFilter(OncePerRequestFilter.java:116)
	at org.apache.catalina.core.ApplicationFilterChain.doFilter(ApplicationFilterChain.java:107)
	at org.springframework.web.filter.CharacterEncodingFilter.doFilterInternal(CharacterEncodingFilter.java:199)
	at org.springframework.web.filter.OncePerRequestFilter.doFilter(OncePerRequestFilter.java:116)
	at org.apache.catalina.core.ApplicationFilterChain.doFilter(ApplicationFilterChain.java:107)
	at org.apache.catalina.core.StandardWrapperValve.invoke(StandardWrapperValve.java:165)
	at org.apache.catalina.core.StandardContextValve.invoke(StandardContextValve.java:77)
	at org.apache.catalina.authenticator.AuthenticatorBase.invoke(AuthenticatorBase.java:492)
	at org.apache.catalina.core.StandardHostValve.invoke(StandardHostValve.java:113)
	at org.apache.catalina.valves.ErrorReportValve.invoke(ErrorReportValve.java:83)
	at org.apache.catalina.core.StandardEngineValve.invoke(StandardEngineValve.java:72)
	at org.apache.catalina.connector.CoyoteAdapter.service(CoyoteAdapter.java:341)
	at org.apache.coyote.http11.Http11Processor.service(Http11Processor.java:397)
	at org.apache.coyote.AbstractProcessorLight.process(AbstractProcessorLight.java:63)
	at org.apache.coyote.AbstractProtocol$ConnectionHandler.process(AbstractProtocol.java:1272)
	at org.apache.tomcat.util.net.NioEndpoint$SocketProcessor.doRun(NioEndpoint.java:1801)
	at org.apache.tomcat.util.net.SocketProcessorBase.run(SocketProcessorBase.java:52)
	at org.apache.tomcat.util.threads.ThreadPoolExecutor.runWorker(ThreadPoolExecutor.java:946)
	at org.apache.tomcat.util.threads.ThreadPoolExecutor$Worker.run(ThreadPoolExecutor.java:480)
	at org.apache.tomcat.util.threads.TaskThread$WrappingRunnable.run(TaskThread.java:57)
	at java.base/java.lang.Thread.run(Thread.java:1474)
2026-07-30 09:42:00.149 [http-nio-8080-exec-2] WARN  o.s.w.s.m.s.DefaultHandlerExceptionResolver - Resolved [org.springframework.web.bind.MissingServletRequestParameterException: Required request parameter 'token' for method parameter type String is not present]
2026-07-30 09:42:31.372 [http-nio-8080-exec-3] DEBUG org.hibernate.SQL - select k1_0.id,k1_0.activation_token,k1_0.email,k1_0.is_active,k1_0.password,k1_0.role_id,k1_0.username from kullanici k1_0 where k1_0.activation_token=?
2026-07-30 09:42:31.375 [http-nio-8080-exec-3] ERROR o.a.c.c.C.[.[.[.[dispatcherServlet] - Servlet.service() for servlet [dispatcherServlet] in context with path [] threw exception [Request processing failed: java.lang.RuntimeException: Geçersiz veya süresi dolmuş aktivasyon token'ı!] with root cause
java.lang.RuntimeException: Geçersiz veya süresi dolmuş aktivasyon token'ı!
	at com.example.personellistesi.service.AuthService.lambda$activateAccount$0(AuthService.java:69)
	at java.base/java.util.Optional.orElseThrow(Optional.java:403)
	at com.example.personellistesi.service.AuthService.activateAccount(AuthService.java:69)
	at com.example.personellistesi.controller.AuthController.activateAccount(AuthController.java:26)
	at java.base/jdk.internal.reflect.DirectMethodHandleAccessor.invoke(DirectMethodHandleAccessor.java:104)
	at java.base/java.lang.reflect.Method.invoke(Method.java:565)
	at org.springframework.web.method.support.InvocableHandlerMethod.doInvoke(InvocableHandlerMethod.java:252)
	at org.springframework.web.method.support.InvocableHandlerMethod.invokeForRequest(InvocableHandlerMethod.java:184)
	at org.springframework.web.servlet.mvc.method.annotation.ServletInvocableHandlerMethod.invokeAndHandle(ServletInvocableHandlerMethod.java:117)
	at org.springframework.web.servlet.mvc.method.annotation.RequestMappingHandlerAdapter.invokeHandlerMethod(RequestMappingHandlerAdapter.java:934)
	at org.springframework.web.servlet.mvc.method.annotation.RequestMappingHandlerAdapter.handleInternal(RequestMappingHandlerAdapter.java:853)
	at org.springframework.web.servlet.mvc.method.AbstractHandlerMethodAdapter.handle(AbstractHandlerMethodAdapter.java:86)
	at org.springframework.web.servlet.DispatcherServlet.doDispatch(DispatcherServlet.java:963)
	at org.springframework.web.servlet.DispatcherServlet.doService(DispatcherServlet.java:866)
	at org.springframework.web.servlet.FrameworkServlet.processRequest(FrameworkServlet.java:1000)
	at org.springframework.web.servlet.FrameworkServlet.doGet(FrameworkServlet.java:892)
	at jakarta.servlet.http.HttpServlet.service(HttpServlet.java:622)
	at org.springframework.web.servlet.FrameworkServlet.service(FrameworkServlet.java:874)
	at jakarta.servlet.http.HttpServlet.service(HttpServlet.java:710)
	at org.apache.catalina.core.ApplicationFilterChain.doFilter(ApplicationFilterChain.java:128)
	at org.apache.tomcat.websocket.server.WsFilter.doFilter(WsFilter.java:53)
	at org.apache.catalina.core.ApplicationFilterChain.doFilter(ApplicationFilterChain.java:107)
	at org.springframework.web.filter.RequestContextFilter.doFilterInternal(RequestContextFilter.java:100)
	at org.springframework.web.filter.OncePerRequestFilter.doFilter(OncePerRequestFilter.java:116)
	at org.apache.catalina.core.ApplicationFilterChain.doFilter(ApplicationFilterChain.java:107)
	at org.springframework.web.filter.FormContentFilter.doFilterInternal(FormContentFilter.java:93)
	at org.springframework.web.filter.OncePerRequestFilter.doFilter(OncePerRequestFilter.java:116)
	at org.apache.catalina.core.ApplicationFilterChain.doFilter(ApplicationFilterChain.java:107)
	at org.springframework.web.filter.CharacterEncodingFilter.doFilterInternal(CharacterEncodingFilter.java:199)
	at org.springframework.web.filter.OncePerRequestFilter.doFilter(OncePerRequestFilter.java:116)
	at org.apache.catalina.core.ApplicationFilterChain.doFilter(ApplicationFilterChain.java:107)
	at org.apache.catalina.core.StandardWrapperValve.invoke(StandardWrapperValve.java:165)
	at org.apache.catalina.core.StandardContextValve.invoke(StandardContextValve.java:77)
	at org.apache.catalina.authenticator.AuthenticatorBase.invoke(AuthenticatorBase.java:492)
	at org.apache.catalina.core.StandardHostValve.invoke(StandardHostValve.java:113)
	at org.apache.catalina.valves.ErrorReportValve.invoke(ErrorReportValve.java:83)
	at org.apache.catalina.core.StandardEngineValve.invoke(StandardEngineValve.java:72)
	at org.apache.catalina.connector.CoyoteAdapter.service(CoyoteAdapter.java:341)
	at org.apache.coyote.http11.Http11Processor.service(Http11Processor.java:397)
	at org.apache.coyote.AbstractProcessorLight.process(AbstractProcessorLight.java:63)
	at org.apache.coyote.AbstractProtocol$ConnectionHandler.process(AbstractProtocol.java:1272)
	at org.apache.tomcat.util.net.NioEndpoint$SocketProcessor.doRun(NioEndpoint.java:1801)
	at org.apache.tomcat.util.net.SocketProcessorBase.run(SocketProcessorBase.java:52)
	at org.apache.tomcat.util.threads.ThreadPoolExecutor.runWorker(ThreadPoolExecutor.java:946)
	at org.apache.tomcat.util.threads.ThreadPoolExecutor$Worker.run(ThreadPoolExecutor.java:480)
	at org.apache.tomcat.util.threads.TaskThread$WrappingRunnable.run(TaskThread.java:57)
	at java.base/java.lang.Thread.run(Thread.java:1474)
2026-07-30 09:42:38.944 [SpringApplicationShutdownHook] INFO  o.s.boot.tomcat.GracefulShutdown - Commencing graceful shutdown. Waiting for active requests to complete
2026-07-30 09:42:38.950 [tomcat-shutdown] INFO  o.s.boot.tomcat.GracefulShutdown - Graceful shutdown complete
2026-07-30 09:42:38.953 [SpringApplicationShutdownHook] INFO  o.s.o.j.LocalContainerEntityManagerFactoryBean - Closing JPA EntityManagerFactory for persistence unit 'default'
2026-07-30 09:42:38.953 [SpringApplicationShutdownHook] INFO  com.zaxxer.hikari.HikariDataSource - HikariPool-1 - Shutdown initiated...
2026-07-30 09:42:38.954 [SpringApplicationShutdownHook] INFO  com.zaxxer.hikari.HikariDataSource - HikariPool-1 - Shutdown completed.
2026-07-30 09:42:46.341 [main] INFO  c.e.p.PersonelListesiApplication - Starting PersonelListesiApplication using Java 25 with PID 1834 (/Users/fatmanuryurdakul/Downloads/PersonelListesi/target/classes started by fatmanuryurdakul in /Users/fatmanuryurdakul/Downloads/PersonelListesi)
2026-07-30 09:42:46.342 [main] DEBUG c.e.p.PersonelListesiApplication - Running with Spring Boot v4.1.0, Spring v7.0.8
2026-07-30 09:42:46.342 [main] INFO  c.e.p.PersonelListesiApplication - No active profile set, falling back to 1 default profile: "default"
2026-07-30 09:42:46.452 [background-preinit] INFO  o.h.validator.internal.util.Version - HV000001: Hibernate Validator 9.1.0.Final
2026-07-30 09:42:46.509 [main] INFO  o.s.d.r.c.RepositoryConfigurationDelegate - Bootstrapping Spring Data JPA repositories in DEFAULT mode.
2026-07-30 09:42:46.524 [main] INFO  o.s.d.r.c.RepositoryConfigurationDelegate - Finished Spring Data repository scanning in 11 ms. Found 7 JPA repository interfaces.
2026-07-30 09:42:46.729 [main] INFO  o.s.boot.tomcat.TomcatWebServer - Tomcat initialized with port 8080 (http)
2026-07-30 09:42:46.733 [main] INFO  o.a.coyote.http11.Http11NioProtocol - Initializing ProtocolHandler ["http-nio-8080"]
2026-07-30 09:42:46.733 [main] INFO  o.a.catalina.core.StandardService - Starting service [Tomcat]
2026-07-30 09:42:46.733 [main] INFO  o.a.catalina.core.StandardEngine - Starting Servlet engine: [Apache Tomcat/11.0.22]
2026-07-30 09:42:46.746 [main] INFO  o.s.b.w.c.s.WebApplicationContextInitializer - Root WebApplicationContext: initialization completed in 387 ms
2026-07-30 09:42:46.794 [main] INFO  org.hibernate.orm.jpa - HHH008540: Processing PersistenceUnitInfo [name: default]
2026-07-30 09:42:46.810 [main] INFO  org.hibernate.orm.core - HHH000001: Hibernate ORM core version 7.4.1.Final
2026-07-30 09:42:46.924 [main] INFO  o.s.o.j.p.SpringPersistenceUnitInfo - No LoadTimeWeaver setup: ignoring JPA class transformer
2026-07-30 09:42:46.933 [main] INFO  com.zaxxer.hikari.HikariDataSource - HikariPool-1 - Starting...
2026-07-30 09:42:46.961 [main] INFO  com.zaxxer.hikari.pool.HikariPool - HikariPool-1 - Added connection org.postgresql.jdbc.PgConnection@26bce60d
2026-07-30 09:42:46.961 [main] INFO  com.zaxxer.hikari.HikariDataSource - HikariPool-1 - Start completed.
2026-07-30 09:42:46.973 [main] WARN  org.hibernate.orm.deprecation - HHH90000025: PostgreSQLDialect does not need to be specified explicitly using 'hibernate.dialect' (remove the property setting and it will be selected by default)
2026-07-30 09:42:46.980 [main] INFO  o.hibernate.orm.connections.pooling - HHH10001005: Database info:
	Database JDBC URL [jdbc:postgresql://localhost:5432/postgres]
	Database driver: PostgreSQL JDBC Driver
	Database dialect: PostgreSQLDialect
	Database version: 15.18
	Default catalog/schema: postgres/public
	Autocommit mode: undefined/unknown
	Isolation level: READ_COMMITTED [default READ_COMMITTED]
	JDBC fetch size: none
	Pool: DataSourceConnectionProvider
	Minimum pool size: undefined/unknown
	Maximum pool size: undefined/unknown
2026-07-30 09:42:47.299 [main] INFO  org.hibernate.orm.core - HHH000489: No JTA platform available (set 'hibernate.transaction.jta.platform' to enable JTA platform integration)
2026-07-30 09:42:47.341 [main] INFO  o.s.o.j.LocalContainerEntityManagerFactoryBean - Initialized JPA EntityManagerFactory for persistence unit 'default'
2026-07-30 09:42:47.365 [main] INFO  o.s.d.j.r.q.QueryEnhancerFactories - Hibernate is in classpath; If applicable, HQL parser will be used.
2026-07-30 09:42:47.488 [main] WARN  o.s.b.j.a.JpaBaseConfiguration$JpaWebConfiguration - spring.jpa.open-in-view is enabled by default. Therefore, database queries may be performed during view rendering. Explicitly configure spring.jpa.open-in-view to disable this warning
2026-07-30 09:42:47.493 [main] INFO  o.s.b.w.a.WelcomePageHandlerMapping - Adding welcome page: class path resource [static/index.html]
2026-07-30 09:42:47.610 [main] INFO  o.a.coyote.http11.Http11NioProtocol - Starting ProtocolHandler ["http-nio-8080"]
2026-07-30 09:42:47.618 [main] INFO  o.s.boot.tomcat.TomcatWebServer - Tomcat started on port 8080 (http) with context path '/'
2026-07-30 09:42:47.621 [main] INFO  c.e.p.PersonelListesiApplication - Started PersonelListesiApplication in 1.437 seconds (process running for 1.649)
2026-07-30 09:43:11.114 [http-nio-8080-exec-1] INFO  o.a.c.c.C.[Tomcat].[localhost].[/] - Initializing Spring DispatcherServlet 'dispatcherServlet'
2026-07-30 09:43:11.114 [http-nio-8080-exec-1] INFO  o.s.web.servlet.DispatcherServlet - Initializing Servlet 'dispatcherServlet'
2026-07-30 09:43:11.116 [http-nio-8080-exec-1] INFO  o.s.web.servlet.DispatcherServlet - Completed initialization in 2 ms
2026-07-30 09:43:11.245 [http-nio-8080-exec-1] DEBUG org.hibernate.SQL - select k1_0.id,k1_0.activation_token,k1_0.email,k1_0.is_active,k1_0.password,k1_0.role_id,k1_0.username from kullanici k1_0 where k1_0.activation_token=?
2026-07-30 09:43:11.253 [http-nio-8080-exec-1] ERROR o.a.c.c.C.[.[.[.[dispatcherServlet] - Servlet.service() for servlet [dispatcherServlet] in context with path [] threw exception [Request processing failed: java.lang.RuntimeException: Geçersiz veya süresi dolmuş aktivasyon token'ı!] with root cause
java.lang.RuntimeException: Geçersiz veya süresi dolmuş aktivasyon token'ı!
	at com.example.personellistesi.service.AuthService.lambda$activateAccount$0(AuthService.java:69)
	at java.base/java.util.Optional.orElseThrow(Optional.java:403)
	at com.example.personellistesi.service.AuthService.activateAccount(AuthService.java:69)
	at com.example.personellistesi.controller.AuthController.activateAccount(AuthController.java:26)
	at java.base/jdk.internal.reflect.DirectMethodHandleAccessor.invoke(DirectMethodHandleAccessor.java:104)
	at java.base/java.lang.reflect.Method.invoke(Method.java:565)
	at org.springframework.web.method.support.InvocableHandlerMethod.doInvoke(InvocableHandlerMethod.java:252)
	at org.springframework.web.method.support.InvocableHandlerMethod.invokeForRequest(InvocableHandlerMethod.java:184)
	at org.springframework.web.servlet.mvc.method.annotation.ServletInvocableHandlerMethod.invokeAndHandle(ServletInvocableHandlerMethod.java:117)
	at org.springframework.web.servlet.mvc.method.annotation.RequestMappingHandlerAdapter.invokeHandlerMethod(RequestMappingHandlerAdapter.java:934)
	at org.springframework.web.servlet.mvc.method.annotation.RequestMappingHandlerAdapter.handleInternal(RequestMappingHandlerAdapter.java:853)
	at org.springframework.web.servlet.mvc.method.AbstractHandlerMethodAdapter.handle(AbstractHandlerMethodAdapter.java:86)
	at org.springframework.web.servlet.DispatcherServlet.doDispatch(DispatcherServlet.java:963)
	at org.springframework.web.servlet.DispatcherServlet.doService(DispatcherServlet.java:866)
	at org.springframework.web.servlet.FrameworkServlet.processRequest(FrameworkServlet.java:1000)
	at org.springframework.web.servlet.FrameworkServlet.doGet(FrameworkServlet.java:892)
	at jakarta.servlet.http.HttpServlet.service(HttpServlet.java:622)
	at org.springframework.web.servlet.FrameworkServlet.service(FrameworkServlet.java:874)
	at jakarta.servlet.http.HttpServlet.service(HttpServlet.java:710)
	at org.apache.catalina.core.ApplicationFilterChain.doFilter(ApplicationFilterChain.java:128)
	at org.apache.tomcat.websocket.server.WsFilter.doFilter(WsFilter.java:53)
	at org.apache.catalina.core.ApplicationFilterChain.doFilter(ApplicationFilterChain.java:107)
	at org.springframework.web.filter.RequestContextFilter.doFilterInternal(RequestContextFilter.java:100)
	at org.springframework.web.filter.OncePerRequestFilter.doFilter(OncePerRequestFilter.java:116)
	at org.apache.catalina.core.ApplicationFilterChain.doFilter(ApplicationFilterChain.java:107)
	at org.springframework.web.filter.FormContentFilter.doFilterInternal(FormContentFilter.java:93)
	at org.springframework.web.filter.OncePerRequestFilter.doFilter(OncePerRequestFilter.java:116)
	at org.apache.catalina.core.ApplicationFilterChain.doFilter(ApplicationFilterChain.java:107)
	at org.springframework.web.filter.CharacterEncodingFilter.doFilterInternal(CharacterEncodingFilter.java:199)
	at org.springframework.web.filter.OncePerRequestFilter.doFilter(OncePerRequestFilter.java:116)
	at org.apache.catalina.core.ApplicationFilterChain.doFilter(ApplicationFilterChain.java:107)
	at org.apache.catalina.core.StandardWrapperValve.invoke(StandardWrapperValve.java:165)
	at org.apache.catalina.core.StandardContextValve.invoke(StandardContextValve.java:77)
	at org.apache.catalina.authenticator.AuthenticatorBase.invoke(AuthenticatorBase.java:492)
	at org.apache.catalina.core.StandardHostValve.invoke(StandardHostValve.java:113)
	at org.apache.catalina.valves.ErrorReportValve.invoke(ErrorReportValve.java:83)
	at org.apache.catalina.core.StandardEngineValve.invoke(StandardEngineValve.java:72)
	at org.apache.catalina.connector.CoyoteAdapter.service(CoyoteAdapter.java:341)
	at org.apache.coyote.http11.Http11Processor.service(Http11Processor.java:397)
	at org.apache.coyote.AbstractProcessorLight.process(AbstractProcessorLight.java:63)
	at org.apache.coyote.AbstractProtocol$ConnectionHandler.process(AbstractProtocol.java:1272)
	at org.apache.tomcat.util.net.NioEndpoint$SocketProcessor.doRun(NioEndpoint.java:1801)
	at org.apache.tomcat.util.net.SocketProcessorBase.run(SocketProcessorBase.java:52)
	at org.apache.tomcat.util.threads.ThreadPoolExecutor.runWorker(ThreadPoolExecutor.java:946)
	at org.apache.tomcat.util.threads.ThreadPoolExecutor$Worker.run(ThreadPoolExecutor.java:480)
	at org.apache.tomcat.util.threads.TaskThread$WrappingRunnable.run(TaskThread.java:57)
	at java.base/java.lang.Thread.run(Thread.java:1474)
2026-07-30 09:48:15.932 [http-nio-8080-exec-2] INFO  c.e.p.service.BildirimLogService - Tüm bildirim logları listeleniyor.
2026-07-30 09:48:15.958 [http-nio-8080-exec-2] DEBUG org.hibernate.SQL - select bl1_0.id,bl1_0.content,bl1_0.send_time,bl1_0.subject,bl1_0.to_mail from bildirim_log bl1_0
2026-07-30 09:48:24.869 [http-nio-8080-exec-4] INFO  c.e.p.service.BildirimLogService - Bildirim kaydı işlemi başlatılıyor. Alıcı: null, Konu: null
2026-07-30 09:48:24.869 [http-nio-8080-exec-4] DEBUG c.e.p.service.BildirimLogService - Mail gönderme isteği hazırlanıyor: Target -> null
2026-07-30 09:48:24.884 [http-nio-8080-exec-4] ERROR c.e.p.service.BildirimLogService - E-posta gönderimi sırasında HATA oluştu! Alıcı: null, Hata Mesajı: Cannot invoke "String.length()" because "s" is null
java.lang.NullPointerException: Cannot invoke "String.length()" because "s" is null
	at jakarta.mail.internet.InternetAddress.parse(InternetAddress.java:778)
	at jakarta.mail.internet.InternetAddress.parse(InternetAddress.java:737)
	at jakarta.mail.internet.InternetAddress.parse(InternetAddress.java:714)
	at org.springframework.mail.javamail.MimeMessageHelper.parseAddress(MimeMessageHelper.java:731)
	at org.springframework.mail.javamail.MimeMessageHelper.setTo(MimeMessageHelper.java:617)
	at org.springframework.mail.javamail.MimeMailMessage.setTo(MimeMailMessage.java:109)
	at org.springframework.mail.SimpleMailMessage.copyTo(SimpleMailMessage.java:189)
	at org.springframework.mail.javamail.JavaMailSenderImpl.send(JavaMailSenderImpl.java:301)
	at org.springframework.mail.MailSender.send(MailSender.java:42)
	at com.example.personellistesi.service.BildirimLogService.gercekMailiGonder(BildirimLogService.java:47)
	at com.example.personellistesi.service.BildirimLogService.saveLog(BildirimLogService.java:31)
	at com.example.personellistesi.controller.BildirimLogController.logEkle(BildirimLogController.java:63)
	at java.base/jdk.internal.reflect.DirectMethodHandleAccessor.invoke(DirectMethodHandleAccessor.java:104)
	at java.base/java.lang.reflect.Method.invoke(Method.java:565)
	at org.springframework.web.method.support.InvocableHandlerMethod.doInvoke(InvocableHandlerMethod.java:252)
	at org.springframework.web.method.support.InvocableHandlerMethod.invokeForRequest(InvocableHandlerMethod.java:184)
	at org.springframework.web.servlet.mvc.method.annotation.ServletInvocableHandlerMethod.invokeAndHandle(ServletInvocableHandlerMethod.java:117)
	at org.springframework.web.servlet.mvc.method.annotation.RequestMappingHandlerAdapter.invokeHandlerMethod(RequestMappingHandlerAdapter.java:934)
	at org.springframework.web.servlet.mvc.method.annotation.RequestMappingHandlerAdapter.handleInternal(RequestMappingHandlerAdapter.java:853)
	at org.springframework.web.servlet.mvc.method.AbstractHandlerMethodAdapter.handle(AbstractHandlerMethodAdapter.java:86)
	at org.springframework.web.servlet.DispatcherServlet.doDispatch(DispatcherServlet.java:963)
	at org.springframework.web.servlet.DispatcherServlet.doService(DispatcherServlet.java:866)
	at org.springframework.web.servlet.FrameworkServlet.processRequest(FrameworkServlet.java:1000)
	at org.springframework.web.servlet.FrameworkServlet.doPost(FrameworkServlet.java:903)
	at jakarta.servlet.http.HttpServlet.service(HttpServlet.java:649)
	at org.springframework.web.servlet.FrameworkServlet.service(FrameworkServlet.java:874)
	at jakarta.servlet.http.HttpServlet.service(HttpServlet.java:710)
	at org.apache.catalina.core.ApplicationFilterChain.doFilter(ApplicationFilterChain.java:128)
	at org.apache.tomcat.websocket.server.WsFilter.doFilter(WsFilter.java:53)
	at org.apache.catalina.core.ApplicationFilterChain.doFilter(ApplicationFilterChain.java:107)
	at org.springframework.web.filter.RequestContextFilter.doFilterInternal(RequestContextFilter.java:100)
	at org.springframework.web.filter.OncePerRequestFilter.doFilter(OncePerRequestFilter.java:116)
	at org.apache.catalina.core.ApplicationFilterChain.doFilter(ApplicationFilterChain.java:107)
	at org.springframework.web.filter.FormContentFilter.doFilterInternal(FormContentFilter.java:93)
	at org.springframework.web.filter.OncePerRequestFilter.doFilter(OncePerRequestFilter.java:116)
	at org.apache.catalina.core.ApplicationFilterChain.doFilter(ApplicationFilterChain.java:107)
	at org.springframework.web.filter.CharacterEncodingFilter.doFilterInternal(CharacterEncodingFilter.java:199)
	at org.springframework.web.filter.OncePerRequestFilter.doFilter(OncePerRequestFilter.java:116)
	at org.apache.catalina.core.ApplicationFilterChain.doFilter(ApplicationFilterChain.java:107)
	at org.apache.catalina.core.StandardWrapperValve.invoke(StandardWrapperValve.java:165)
	at org.apache.catalina.core.StandardContextValve.invoke(StandardContextValve.java:77)
	at org.apache.catalina.authenticator.AuthenticatorBase.invoke(AuthenticatorBase.java:492)
	at org.apache.catalina.core.StandardHostValve.invoke(StandardHostValve.java:113)
	at org.apache.catalina.valves.ErrorReportValve.invoke(ErrorReportValve.java:83)
	at org.apache.catalina.core.StandardEngineValve.invoke(StandardEngineValve.java:72)
	at org.apache.catalina.connector.CoyoteAdapter.service(CoyoteAdapter.java:341)
	at org.apache.coyote.http11.Http11Processor.service(Http11Processor.java:397)
	at org.apache.coyote.AbstractProcessorLight.process(AbstractProcessorLight.java:63)
	at org.apache.coyote.AbstractProtocol$ConnectionHandler.process(AbstractProtocol.java:1272)
	at org.apache.tomcat.util.net.NioEndpoint$SocketProcessor.doRun(NioEndpoint.java:1801)
	at org.apache.tomcat.util.net.SocketProcessorBase.run(SocketProcessorBase.java:52)
	at org.apache.tomcat.util.threads.ThreadPoolExecutor.runWorker(ThreadPoolExecutor.java:946)
	at org.apache.tomcat.util.threads.ThreadPoolExecutor$Worker.run(ThreadPoolExecutor.java:480)
	at org.apache.tomcat.util.threads.TaskThread$WrappingRunnable.run(TaskThread.java:57)
	at java.base/java.lang.Thread.run(Thread.java:1474)
2026-07-30 09:48:24.895 [http-nio-8080-exec-4] DEBUG org.hibernate.SQL - insert into bildirim_log (content,send_time,subject,to_mail,id) values (?,?,?,?,?)
2026-07-30 09:48:24.898 [http-nio-8080-exec-4] INFO  c.e.p.service.BildirimLogService - Bildirim logu veritabanına başarıyla kaydedildi. Log ID: 2b89e32d-aabd-4f7a-a6c0-2d40d26fe335
2026-07-30 09:49:01.931 [http-nio-8080-exec-5] WARN  o.s.w.s.m.s.DefaultHandlerExceptionResolver - Resolved [org.springframework.web.bind.MissingServletRequestParameterException: Required request parameter 'token' for method parameter type String is not present]
2026-07-30 09:49:13.987 [http-nio-8080-exec-7] WARN  o.s.w.s.m.s.DefaultHandlerExceptionResolver - Resolved [org.springframework.http.converter.HttpMessageNotReadableException: Required request body is missing: public org.springframework.http.ResponseEntity<java.lang.String> com.example.personellistesi.controller.AuthController.register(com.example.personellistesi.DTO.UserRegistrationDto)]
2026-07-30 09:52:12.153 [http-nio-8080-exec-9] DEBUG org.hibernate.SQL - select r1_0.id,r1_0.name from roles r1_0 where r1_0.name=?
2026-07-30 09:52:12.160 [http-nio-8080-exec-9] DEBUG org.hibernate.SQL - insert into kullanici (activation_token,email,is_active,password,role_id,username,id) values (?,?,?,?,?,?,?)
2026-07-30 09:52:12.167 [http-nio-8080-exec-9] WARN  org.hibernate.orm.jdbc.error - HHH000247: ErrorCode: 0, SQLState: 23505
2026-07-30 09:52:12.167 [http-nio-8080-exec-9] WARN  org.hibernate.orm.jdbc.error - ERROR: duplicate key value violates unique constraint "kullanici_email_key"
  Ayrıntı: Key (email)=(ornek@mail.com) already exists.
2026-07-30 09:52:12.171 [http-nio-8080-exec-9] ERROR o.a.c.c.C.[.[.[.[dispatcherServlet] - Servlet.service() for servlet [dispatcherServlet] in context with path [] threw exception [Request processing failed: org.springframework.dao.DataIntegrityViolationException: could not execute statement [ERROR: duplicate key value violates unique constraint "kullanici_email_key"
  Ayrıntı: Key (email)=(ornek@mail.com) already exists.] [insert into kullanici (activation_token,email,is_active,password,role_id,username,id) values (?,?,?,?,?,?,?)]; SQL [insert into kullanici (activation_token,email,is_active,password,role_id,username,id) values (?,?,?,?,?,?,?)]; constraint [kullanici_email_key]] with root cause
org.postgresql.util.PSQLException: ERROR: duplicate key value violates unique constraint "kullanici_email_key"
  Ayrıntı: Key (email)=(ornek@mail.com) already exists.
	at org.postgresql.core.v3.QueryExecutorImpl.receiveErrorResponse(QueryExecutorImpl.java:2904)
	at org.postgresql.core.v3.QueryExecutorImpl.processResults(QueryExecutorImpl.java:2589)
	at org.postgresql.core.v3.QueryExecutorImpl.execute(QueryExecutorImpl.java:431)
	at org.postgresql.jdbc.PgStatement.executeInternal(PgStatement.java:534)
	at org.postgresql.jdbc.PgStatement.execute(PgStatement.java:437)
	at org.postgresql.jdbc.PgPreparedStatement.executeWithFlags(PgPreparedStatement.java:196)
	at org.postgresql.jdbc.PgPreparedStatement.executeUpdate(PgPreparedStatement.java:157)
	at com.zaxxer.hikari.pool.ProxyPreparedStatement.executeUpdate(ProxyPreparedStatement.java:61)
	at com.zaxxer.hikari.pool.HikariProxyPreparedStatement.executeUpdate(HikariProxyPreparedStatement.java)
	at org.hibernate.engine.jdbc.internal.ResultSetReturnImpl.executeUpdate(ResultSetReturnImpl.java:185)
	at org.hibernate.engine.jdbc.mutation.internal.AbstractMutationExecutor.performNonBatchedMutation(AbstractMutationExecutor.java:145)
	at org.hibernate.engine.jdbc.mutation.internal.MutationExecutorSingleNonBatched.performNonBatchedOperations(MutationExecutorSingleNonBatched.java:53)
	at org.hibernate.engine.jdbc.mutation.internal.AbstractMutationExecutor.execute(AbstractMutationExecutor.java:65)
	at org.hibernate.engine.jdbc.mutation.internal.AbstractMutationExecutor.execute(AbstractMutationExecutor.java:54)
	at org.hibernate.persister.entity.mutation.InsertCoordinatorStandard.doStaticInserts(InsertCoordinatorStandard.java:183)
	at org.hibernate.persister.entity.mutation.InsertCoordinatorStandard.coordinateInsert(InsertCoordinatorStandard.java:123)
	at org.hibernate.persister.entity.mutation.InsertCoordinatorStandard.insert(InsertCoordinatorStandard.java:96)
	at org.hibernate.action.internal.EntityInsertAction.execute(EntityInsertAction.java:108)
	at org.hibernate.engine.spi.ActionQueue.executeActions(ActionQueue.java:634)
	at org.hibernate.engine.spi.ActionQueue.executeActions(ActionQueue.java:505)
	at org.hibernate.event.internal.AbstractFlushingEventListener.performExecutions(AbstractFlushingEventListener.java:381)
	at org.hibernate.event.internal.DefaultFlushEventListener.onFlush(DefaultFlushEventListener.java:40)
	at org.hibernate.event.service.internal.EventListenerGroupImpl.fireEventOnEachListener(EventListenerGroupImpl.java:138)
	at org.hibernate.internal.SessionImpl.fireFlush(SessionImpl.java:1458)
	at org.hibernate.internal.SessionImpl.managedFlush(SessionImpl.java:484)
	at org.hibernate.internal.SessionImpl.flushBeforeTransactionCompletion(SessionImpl.java:2086)
	at org.hibernate.internal.SessionImpl.beforeTransactionCompletion(SessionImpl.java:2007)
	at org.hibernate.engine.jdbc.internal.JdbcCoordinatorImpl.beforeTransactionCompletion(JdbcCoordinatorImpl.java:426)
	at org.hibernate.resource.transaction.backend.jdbc.internal.JdbcResourceLocalTransactionCoordinatorImpl.beforeCompletionCallback(JdbcResourceLocalTransactionCoordinatorImpl.java:167)
	at org.hibernate.resource.transaction.backend.jdbc.internal.JdbcResourceLocalTransactionCoordinatorImpl$TransactionDriverControlImpl.commitNoRollbackOnly(JdbcResourceLocalTransactionCoordinatorImpl.java:252)
	at org.hibernate.resource.transaction.backend.jdbc.internal.JdbcResourceLocalTransactionCoordinatorImpl$TransactionDriverControlImpl.commit(JdbcResourceLocalTransactionCoordinatorImpl.java:242)
	at org.hibernate.engine.transaction.internal.TransactionImpl.commit(TransactionImpl.java:89)
	at org.springframework.orm.jpa.JpaTransactionManager.doCommit(JpaTransactionManager.java:552)
	at org.springframework.transaction.support.AbstractPlatformTransactionManager.processCommit(AbstractPlatformTransactionManager.java:794)
	at org.springframework.transaction.support.AbstractPlatformTransactionManager.commit(AbstractPlatformTransactionManager.java:757)
	at org.springframework.transaction.interceptor.TransactionAspectSupport.commitTransactionAfterReturning(TransactionAspectSupport.java:687)
	at org.springframework.transaction.interceptor.TransactionAspectSupport.invokeWithinTransaction(TransactionAspectSupport.java:408)
	at org.springframework.transaction.interceptor.TransactionInterceptor.invoke(TransactionInterceptor.java:130)
	at org.springframework.aop.framework.ReflectiveMethodInvocation.proceed(ReflectiveMethodInvocation.java:179)
	at org.springframework.dao.support.PersistenceExceptionTranslationInterceptor.invoke(PersistenceExceptionTranslationInterceptor.java:135)
	at org.springframework.aop.framework.ReflectiveMethodInvocation.proceed(ReflectiveMethodInvocation.java:179)
	at org.springframework.data.jpa.repository.support.CrudMethodMetadataPostProcessor$CrudMethodMetadataPopulatingMethodInterceptor.invoke(CrudMethodMetadataPostProcessor.java:166)
	at org.springframework.aop.framework.ReflectiveMethodInvocation.proceed(ReflectiveMethodInvocation.java:179)
	at org.springframework.aop.framework.JdkDynamicAopProxy.invoke(JdkDynamicAopProxy.java:222)
	at jdk.proxy2/jdk.proxy2.$Proxy139.save(Unknown Source)
	at com.example.personellistesi.service.AuthService.registerUser(AuthService.java:46)
	at com.example.personellistesi.controller.AuthController.register(AuthController.java:19)
	at java.base/jdk.internal.reflect.DirectMethodHandleAccessor.invoke(DirectMethodHandleAccessor.java:104)
	at java.base/java.lang.reflect.Method.invoke(Method.java:565)
	at org.springframework.web.method.support.InvocableHandlerMethod.doInvoke(InvocableHandlerMethod.java:252)
	at org.springframework.web.method.support.InvocableHandlerMethod.invokeForRequest(InvocableHandlerMethod.java:184)
	at org.springframework.web.servlet.mvc.method.annotation.ServletInvocableHandlerMethod.invokeAndHandle(ServletInvocableHandlerMethod.java:117)
	at org.springframework.web.servlet.mvc.method.annotation.RequestMappingHandlerAdapter.invokeHandlerMethod(RequestMappingHandlerAdapter.java:934)
	at org.springframework.web.servlet.mvc.method.annotation.RequestMappingHandlerAdapter.handleInternal(RequestMappingHandlerAdapter.java:853)
	at org.springframework.web.servlet.mvc.method.AbstractHandlerMethodAdapter.handle(AbstractHandlerMethodAdapter.java:86)
	at org.springframework.web.servlet.DispatcherServlet.doDispatch(DispatcherServlet.java:963)
	at org.springframework.web.servlet.DispatcherServlet.doService(DispatcherServlet.java:866)
	at org.springframework.web.servlet.FrameworkServlet.processRequest(FrameworkServlet.java:1000)
	at org.springframework.web.servlet.FrameworkServlet.doPost(FrameworkServlet.java:903)
	at jakarta.servlet.http.HttpServlet.service(HttpServlet.java:649)
	at org.springframework.web.servlet.FrameworkServlet.service(FrameworkServlet.java:874)
	at jakarta.servlet.http.HttpServlet.service(HttpServlet.java:710)
	at org.apache.catalina.core.ApplicationFilterChain.doFilter(ApplicationFilterChain.java:128)
	at org.apache.tomcat.websocket.server.WsFilter.doFilter(WsFilter.java:53)
	at org.apache.catalina.core.ApplicationFilterChain.doFilter(ApplicationFilterChain.java:107)
	at org.springframework.web.filter.RequestContextFilter.doFilterInternal(RequestContextFilter.java:100)
	at org.springframework.web.filter.OncePerRequestFilter.doFilter(OncePerRequestFilter.java:116)
	at org.apache.catalina.core.ApplicationFilterChain.doFilter(ApplicationFilterChain.java:107)
	at org.springframework.web.filter.FormContentFilter.doFilterInternal(FormContentFilter.java:93)
	at org.springframework.web.filter.OncePerRequestFilter.doFilter(OncePerRequestFilter.java:116)
	at org.apache.catalina.core.ApplicationFilterChain.doFilter(ApplicationFilterChain.java:107)
	at org.springframework.web.filter.CharacterEncodingFilter.doFilterInternal(CharacterEncodingFilter.java:199)
	at org.springframework.web.filter.OncePerRequestFilter.doFilter(OncePerRequestFilter.java:116)
	at org.apache.catalina.core.ApplicationFilterChain.doFilter(ApplicationFilterChain.java:107)
	at org.apache.catalina.core.StandardWrapperValve.invoke(StandardWrapperValve.java:165)
	at org.apache.catalina.core.StandardContextValve.invoke(StandardContextValve.java:77)
	at org.apache.catalina.authenticator.AuthenticatorBase.invoke(AuthenticatorBase.java:492)
	at org.apache.catalina.core.StandardHostValve.invoke(StandardHostValve.java:113)
	at org.apache.catalina.valves.ErrorReportValve.invoke(ErrorReportValve.java:83)
	at org.apache.catalina.core.StandardEngineValve.invoke(StandardEngineValve.java:72)
	at org.apache.catalina.connector.CoyoteAdapter.service(CoyoteAdapter.java:341)
	at org.apache.coyote.http11.Http11Processor.service(Http11Processor.java:397)
	at org.apache.coyote.AbstractProcessorLight.process(AbstractProcessorLight.java:63)
	at org.apache.coyote.AbstractProtocol$ConnectionHandler.process(AbstractProtocol.java:1272)
	at org.apache.tomcat.util.net.NioEndpoint$SocketProcessor.doRun(NioEndpoint.java:1801)
	at org.apache.tomcat.util.net.SocketProcessorBase.run(SocketProcessorBase.java:52)
	at org.apache.tomcat.util.threads.ThreadPoolExecutor.runWorker(ThreadPoolExecutor.java:946)
	at org.apache.tomcat.util.threads.ThreadPoolExecutor$Worker.run(ThreadPoolExecutor.java:480)
	at org.apache.tomcat.util.threads.TaskThread$WrappingRunnable.run(TaskThread.java:57)
	at java.base/java.lang.Thread.run(Thread.java:1474)
2026-07-30 09:53:19.699 [http-nio-8080-exec-1] WARN  o.s.w.s.m.s.DefaultHandlerExceptionResolver - Resolved [org.springframework.http.converter.HttpMessageNotReadableException: Required request body is missing: public org.springframework.http.ResponseEntity<java.lang.String> com.example.personellistesi.controller.AuthController.register(com.example.personellistesi.DTO.UserRegistrationDto)]
2026-07-30 09:54:12.705 [http-nio-8080-exec-2] WARN  o.s.w.s.m.s.DefaultHandlerExceptionResolver - Resolved [org.springframework.http.converter.HttpMessageNotReadableException: Required request body is missing: public org.springframework.http.ResponseEntity<java.lang.String> com.example.personellistesi.controller.AuthController.register(com.example.personellistesi.DTO.UserRegistrationDto)]
2026-07-30 09:56:35.386 [http-nio-8080-exec-5] DEBUG org.hibernate.SQL - select r1_0.id,r1_0.name from roles r1_0 where r1_0.name=?
2026-07-30 09:56:35.390 [http-nio-8080-exec-5] DEBUG org.hibernate.SQL - insert into kullanici (activation_token,email,is_active,password,role_id,username,id) values (?,?,?,?,?,?,?)
2026-07-30 09:57:14.512 [http-nio-8080-exec-6] DEBUG org.hibernate.SQL - select k1_0.id,k1_0.activation_token,k1_0.email,k1_0.is_active,k1_0.password,k1_0.role_id,k1_0.username from kullanici k1_0 where k1_0.activation_token=?
2026-07-30 09:57:14.514 [http-nio-8080-exec-6] ERROR o.a.c.c.C.[.[.[.[dispatcherServlet] - Servlet.service() for servlet [dispatcherServlet] in context with path [] threw exception [Request processing failed: java.lang.RuntimeException: Geçersiz veya süresi dolmuş aktivasyon token'ı!] with root cause
java.lang.RuntimeException: Geçersiz veya süresi dolmuş aktivasyon token'ı!
	at com.example.personellistesi.service.AuthService.lambda$activateAccount$0(AuthService.java:69)
	at java.base/java.util.Optional.orElseThrow(Optional.java:403)
	at com.example.personellistesi.service.AuthService.activateAccount(AuthService.java:69)
	at com.example.personellistesi.controller.AuthController.activateAccount(AuthController.java:26)
	at java.base/jdk.internal.reflect.DirectMethodHandleAccessor.invoke(DirectMethodHandleAccessor.java:104)
	at java.base/java.lang.reflect.Method.invoke(Method.java:565)
	at org.springframework.web.method.support.InvocableHandlerMethod.doInvoke(InvocableHandlerMethod.java:252)
	at org.springframework.web.method.support.InvocableHandlerMethod.invokeForRequest(InvocableHandlerMethod.java:184)
	at org.springframework.web.servlet.mvc.method.annotation.ServletInvocableHandlerMethod.invokeAndHandle(ServletInvocableHandlerMethod.java:117)
	at org.springframework.web.servlet.mvc.method.annotation.RequestMappingHandlerAdapter.invokeHandlerMethod(RequestMappingHandlerAdapter.java:934)
	at org.springframework.web.servlet.mvc.method.annotation.RequestMappingHandlerAdapter.handleInternal(RequestMappingHandlerAdapter.java:853)
	at org.springframework.web.servlet.mvc.method.AbstractHandlerMethodAdapter.handle(AbstractHandlerMethodAdapter.java:86)
	at org.springframework.web.servlet.DispatcherServlet.doDispatch(DispatcherServlet.java:963)
	at org.springframework.web.servlet.DispatcherServlet.doService(DispatcherServlet.java:866)
	at org.springframework.web.servlet.FrameworkServlet.processRequest(FrameworkServlet.java:1000)
	at org.springframework.web.servlet.FrameworkServlet.doGet(FrameworkServlet.java:892)
	at jakarta.servlet.http.HttpServlet.service(HttpServlet.java:622)
	at org.springframework.web.servlet.FrameworkServlet.service(FrameworkServlet.java:874)
	at jakarta.servlet.http.HttpServlet.service(HttpServlet.java:710)
	at org.apache.catalina.core.ApplicationFilterChain.doFilter(ApplicationFilterChain.java:128)
	at org.apache.tomcat.websocket.server.WsFilter.doFilter(WsFilter.java:53)
	at org.apache.catalina.core.ApplicationFilterChain.doFilter(ApplicationFilterChain.java:107)
	at org.springframework.web.filter.RequestContextFilter.doFilterInternal(RequestContextFilter.java:100)
	at org.springframework.web.filter.OncePerRequestFilter.doFilter(OncePerRequestFilter.java:116)
	at org.apache.catalina.core.ApplicationFilterChain.doFilter(ApplicationFilterChain.java:107)
	at org.springframework.web.filter.FormContentFilter.doFilterInternal(FormContentFilter.java:93)
	at org.springframework.web.filter.OncePerRequestFilter.doFilter(OncePerRequestFilter.java:116)
	at org.apache.catalina.core.ApplicationFilterChain.doFilter(ApplicationFilterChain.java:107)
	at org.springframework.web.filter.CharacterEncodingFilter.doFilterInternal(CharacterEncodingFilter.java:199)
	at org.springframework.web.filter.OncePerRequestFilter.doFilter(OncePerRequestFilter.java:116)
	at org.apache.catalina.core.ApplicationFilterChain.doFilter(ApplicationFilterChain.java:107)
	at org.apache.catalina.core.StandardWrapperValve.invoke(StandardWrapperValve.java:165)
	at org.apache.catalina.core.StandardContextValve.invoke(StandardContextValve.java:77)
	at org.apache.catalina.authenticator.AuthenticatorBase.invoke(AuthenticatorBase.java:492)
	at org.apache.catalina.core.StandardHostValve.invoke(StandardHostValve.java:113)
	at org.apache.catalina.valves.ErrorReportValve.invoke(ErrorReportValve.java:83)
	at org.apache.catalina.core.StandardEngineValve.invoke(StandardEngineValve.java:72)
	at org.apache.catalina.connector.CoyoteAdapter.service(CoyoteAdapter.java:341)
	at org.apache.coyote.http11.Http11Processor.service(Http11Processor.java:397)
	at org.apache.coyote.AbstractProcessorLight.process(AbstractProcessorLight.java:63)
	at org.apache.coyote.AbstractProtocol$ConnectionHandler.process(AbstractProtocol.java:1272)
	at org.apache.tomcat.util.net.NioEndpoint$SocketProcessor.doRun(NioEndpoint.java:1801)
	at org.apache.tomcat.util.net.SocketProcessorBase.run(SocketProcessorBase.java:52)
	at org.apache.tomcat.util.threads.ThreadPoolExecutor.runWorker(ThreadPoolExecutor.java:946)
	at org.apache.tomcat.util.threads.ThreadPoolExecutor$Worker.run(ThreadPoolExecutor.java:480)
	at org.apache.tomcat.util.threads.TaskThread$WrappingRunnable.run(TaskThread.java:57)
	at java.base/java.lang.Thread.run(Thread.java:1474)
2026-07-30 10:00:04.955 [http-nio-8080-exec-10] DEBUG org.hibernate.SQL - select k1_0.id,k1_0.activation_token,k1_0.email,k1_0.is_active,k1_0.password,k1_0.role_id,k1_0.username from kullanici k1_0 where k1_0.activation_token=?
2026-07-30 10:00:04.965 [http-nio-8080-exec-10] DEBUG org.hibernate.SQL - select r1_0.id,r1_0.name from roles r1_0 where r1_0.id=?
2026-07-30 10:00:04.975 [http-nio-8080-exec-10] DEBUG org.hibernate.SQL - update kullanici set activation_token=?,email=?,is_active=?,password=?,role_id=?,username=? where id=?
